ticker,fy,filed,ni,equity,cfo,assets,assets_cur,liab_cur,ltd,revenue,gross,shares
AAL,2011,2012-02-15,-1468000000.0,-2935000000.0,930000000.0,25088000000.0,6838000000.0,8780000000.0,8756000000.0,,,294000000.0
AAL,2012,2013-02-20,-471000000.0,-3489000000.0,1241000000.0,23848000000.0,6757000000.0,8630000000.0,6702000000.0,,,333000000.0
AAL,2013,2014-02-28,-1979000000.0,-3945000000.0,743000000.0,23510000000.0,7072000000.0,9011000000.0,,,,124985000.0
AAL,2014,2015-02-25,-1876000000.0,-7111000000.0,1285000000.0,42278000000.0,14323000000.0,13806000000.0,,,,249490000.0
AAL,2015,2016-02-24,-1834000000.0,-7987000000.0,675000000.0,43225000000.0,11750000000.0,13404000000.0,,,,280213000.0
AAL,2016,2017-02-22,2882000000.0,-2731000000.0,3080000000.0,48415000000.0,9985000000.0,13605000000.0,,,,734016000.0
AAL,2017,2018-02-21,7610000000.0,2021000000.0,6249000000.0,51274000000.0,10324000000.0,13872000000.0,,,,687355000.0
AAL,2018,2019-02-25,2584000000.0,5635000000.0,6524000000.0,52785000000.0,9146000000.0,15358000000.0,,40142000000.0,,556099000.0
AAL,2019,2020-02-19,1282000000.0,-284000000.0,4744000000.0,60580000000.0,8637000000.0,18096000000.0,,42622000000.0,,491692000.0
AAL,2020,2021-02-17,1412000000.0,-780000000.0,3533000000.0,59995000000.0,8206000000.0,18311000000.0,,44541000000.0,,465660000.0
AAL,2021,2022-02-22,1686000000.0,-169000000.0,3815000000.0,62008000000.0,11095000000.0,16569000000.0,,45768000000.0,,444269000.0
AAL,2022,2023-02-22,-8885000000.0,-118000000.0,-6543000000.0,66467000000.0,17336000000.0,19006000000.0,,17337000000.0,,483888000.0
AAL,2023,2024-02-21,-1993000000.0,-6867000000.0,704000000.0,64716000000.0,15269000000.0,21496000000.0,,29882000000.0,,644015000.0
AAL,2024,2025-02-19,127000000.0,-7340000000.0,2173000000.0,63058000000.0,13572000000.0,22062000000.0,,48971000000.0,,655122000.0
AAL,2025,2026-02-18,822000000.0,-5799000000.0,3803000000.0,61783000000.0,13154000000.0,24295000000.0,,52788000000.0,,719669000.0
AAPL,2009,2009-10-27,3496000000.0,9984000000.0,5470000000.0,39572000000.0,32311000000.0,14092000000.0,,,8154000000.0,889292000.0
AAPL,2010,2010-10-27,6119000000.0,14531000000.0,9596000000.0,36171000000.0,31555000000.0,11506000000.0,,,13197000000.0,902139000.0
AAPL,2011,2011-10-26,8235000000.0,22297000000.0,10159000000.0,47501000000.0,41678000000.0,20722000000.0,,,17222000000.0,907005000.0
AAPL,2012,2012-10-31,14013000000.0,31640000000.0,18595000000.0,116371000000.0,44988000000.0,27970000000.0,,,25684000000.0,924712000.0
AAPL,2013,2013-10-30,25922000000.0,47791000000.0,37529000000.0,176064000000.0,57653000000.0,38542000000.0,,,43818000000.0,936645000.0
AAPL,2014,2014-10-27,41733000000.0,76615000000.0,,207000000000.0,73286000000.0,43658000000.0,,,68662000000.0,6617483000.0
AAPL,2015,2015-10-28,37037000000.0,118210000000.0,,231839000000.0,68531000000.0,63448000000.0,28987000000.0,,64304000000.0,6521634000.0
AAPL,2016,2016-10-26,39510000000.0,123549000000.0,,290345000000.0,89378000000.0,80610000000.0,53329000000.0,,70537000000.0,6122663000.0
AAPL,2017,2017-11-03,53394000000.0,111547000000.0,81266000000.0,321686000000.0,106869000000.0,79006000000.0,75427000000.0,,93626000000.0,5793069000.0
AAPL,2018,2018-11-05,45687000000.0,119355000000.0,66231000000.0,375319000000.0,128645000000.0,100814000000.0,97207000000.0,215639000000.0,84263000000.0,5500281000.0
AAPL,2019,2019-10-31,48351000000.0,128249000000.0,64225000000.0,365725000000.0,131339000000.0,115929000000.0,93735000000.0,,88186000000.0,5251692000.0
AAPL,2020,2020-10-30,59531000000.0,134047000000.0,77434000000.0,338516000000.0,162819000000.0,105718000000.0,91807000000.0,,101839000000.0,20000435000.0
AAPL,2021,2021-10-29,55256000000.0,107147000000.0,69391000000.0,323888000000.0,143713000000.0,105392000000.0,98667000000.0,,98392000000.0,18595651000.0
AAPL,2022,2022-10-28,57411000000.0,90488000000.0,80674000000.0,351002000000.0,134836000000.0,125481000000.0,109106000000.0,,104956000000.0,17528214000.0
AAPL,2023,2023-11-03,94680000000.0,65339000000.0,104038000000.0,352755000000.0,135405000000.0,153982000000.0,98959000000.0,,152836000000.0,16864919000.0
AAPL,2024,2024-11-01,99803000000.0,63090000000.0,122151000000.0,352583000000.0,143566000000.0,145308000000.0,95281000000.0,,170782000000.0,16325819000.0
AAPL,2025,2025-10-31,96995000000.0,50672000000.0,110543000000.0,364980000000.0,152987000000.0,176392000000.0,85750000000.0,,169148000000.0,15812547000.0
ABBV,2016,2017-02-17,1774000000.0,4492000000.0,,53050000000.0,16314000000.0,10894000000.0,,,,1610000000.0
ABBV,2017,2018-02-16,5144000000.0,1742000000.0,,66099000000.0,16187000000.0,9781000000.0,,,,1637000000.0
ABBV,2018,2019-02-27,5953000000.0,3945000000.0,,70786000000.0,21223000000.0,16641000000.0,,25638000000.0,,1631000000.0
ABBV,2019,2020-02-21,5309000000.0,4636000000.0,9960000000.0,59352000000.0,16945000000.0,17239000000.0,67233000000.0,28216000000.0,,1603000000.0
ABBV,2020,2021-02-19,5687000000.0,-8172000000.0,13427000000.0,89115000000.0,49519000000.0,15585000000.0,84948000000.0,32753000000.0,,1546000000.0
ABBV,2021,2022-02-18,7882000000.0,13076000000.0,13324000000.0,150565000000.0,24173000000.0,28661000000.0,75962000000.0,33266000000.0,,1484000000.0
ABBV,2022,2023-02-17,4616000000.0,15408000000.0,17588000000.0,146529000000.0,27928000000.0,35194000000.0,63128000000.0,45804000000.0,,1673000000.0
ABBV,2023,2024-02-20,11542000000.0,17254000000.0,22777000000.0,138805000000.0,28463000000.0,29538000000.0,59245000000.0,56197000000.0,,1777000000.0
ABBV,2024,2025-02-14,11836000000.0,10360000000.0,24943000000.0,134711000000.0,33002000000.0,37841000000.0,66841000000.0,58054000000.0,,1778000000.0
ABBV,2025,2026-02-20,4863000000.0,3325000000.0,22839000000.0,135161000000.0,25582000000.0,38749000000.0,64503000000.0,54318000000.0,,1773000000.0
ABNB,2021,2022-02-25,-674339000.0,-517308000.0,222727000.0,10491499000.0,8916386000.0,5139779000.0,1815562000.0,4805239000.0,,260556000.0
ABNB,2022,2023-02-17,-4585000000.0,-808000000.0,-740000000.0,13708000000.0,12386000000.0,6359000000.0,1983000000.0,3378000000.0,,284000000.0
ABNB,2023,2024-02-16,-352000000.0,2901000000.0,2313000000.0,16038000000.0,14861000000.0,7978000000.0,1987000000.0,5992000000.0,,616000000.0
ABNB,2024,2025-02-13,1893000000.0,4775000000.0,3430000000.0,20645000000.0,16509000000.0,9950000000.0,1991000000.0,8399000000.0,,680000000.0
ABNB,2025,2026-02-12,4792000000.0,5560000000.0,3884000000.0,20959000000.0,17180000000.0,10161000000.0,1995000000.0,9917000000.0,,662000000.0
ADI,2011,2011-11-22,247772000.0,3199717000.0,432148000.0,4328831000.0,3478999000.0,643467000.0,,,1118637000.0,292698000.0
ADI,2012,2012-11-27,712084000.0,3795413000.0,991175000.0,5277635000.0,4386348000.0,525005000.0,,,1799422000.0,305861000.0
ADI,2013,2013-11-26,867394000.0,4165359000.0,900529000.0,5620347000.0,4696185000.0,525079000.0,,,1986541000.0,308236000.0
ADI,2014,2014-12-10,651236000.0,4739576000.0,814542000.0,6381750000.0,5472425000.0,570512000.0,,,1741001000.0,306191000.0
ADI,2015,2015-11-24,673487000.0,4757897000.0,912345000.0,6859690000.0,3811886000.0,709056000.0,,,1692411000.0,314041000.0
ADI,2016,2016-11-22,629320000.0,5072959000.0,871602000.0,7058777000.0,4079548000.0,1113585000.0,,,1830188000.0,318027000.0
ADI,2017,2017-11-22,696878000.0,5165618000.0,907798000.0,7970278000.0,4974863000.0,782934000.0,,,2259262000.0,316872000.0
ADI,2018,2018-11-27,861664000.0,10161540000.0,1291348000.0,21141294000.0,2351338000.0,1596332000.0,,3421409000.0,2227173000.0,312308000.0
ADI,2019,2019-11-26,805379000.0,11268173000.0,1154365000.0,20438366000.0,2112126000.0,1051748000.0,,,3168241000.0,350484000.0
ADI,2020,2020-11-24,1506980000.0,11709188000.0,2442361000.0,21392641000.0,1985126000.0,1508632000.0,,,4250396000.0,374938000.0
ADI,2021,2021-12-03,1363011000.0,11997945000.0,2253100000.0,21468603000.0,2517688000.0,1364986000.0,,,4013750000.0,372871000.0
ADI,2022,2022-11-22,1220761000.0,37992542000.0,2008487000.0,52322071000.0,5378317000.0,2770312000.0,,,3690478000.0,371973000.0
ADI,2023,2023-11-21,1390422000.0,36465323000.0,2735069000.0,50302350000.0,4937992000.0,2442655000.0,6548625000.0,,4525012000.0,401288000.0
ADI,2024,2024-11-26,2748561000.0,35565122000.0,4475402000.0,48794478000.0,4384022000.0,3200971000.0,5902457000.0,,7532474000.0,523178000.0
ADI,2025,2025-11-25,3314579000.0,35176317000.0,4817634000.0,48228277000.0,5484654000.0,2988280000.0,6634313000.0,,7877218000.0,505959000.0
AMAT,2009,2009-12-11,1710196000.0,7548958000.0,2209296000.0,11006318000.0,6664157000.0,2945552000.0,201576000.0,,4492443000.0,1427002000.0
AMAT,2010,2010-12-10,960746000.0,7821409000.0,1710468000.0,11006318000.0,5688947000.0,1939457000.0,200654000.0,,3442828000.0,1374507000.0
AMAT,2011,2011-12-06,-305000000.0,7549000000.0,333000000.0,9574000000.0,6765000000.0,2888000000.0,204000000.0,,1431000000.0,1333000000.0
AMAT,2012,2012-12-05,938000000.0,7094000000.0,1723000000.0,13861000000.0,10355000000.0,2794000000.0,1947000000.0,,3715000000.0,1349000000.0
AMAT,2013,2013-12-04,1926000000.0,7536000000.0,2429000000.0,12102000000.0,5102000000.0,2265000000.0,1946000000.0,,4360000000.0,1330000000.0
AMAT,2014,2014-12-17,109000000.0,8800000000.0,1851000000.0,12043000000.0,5642000000.0,2443000000.0,1946000000.0,,3313000000.0,1277000000.0
AMAT,2015,2015-12-09,256000000.0,7235000000.0,623000000.0,13174000000.0,6967000000.0,2823000000.0,1947000000.0,,2991000000.0,1219000000.0
AMAT,2016,2016-12-15,1072000000.0,7088000000.0,1800000000.0,15308000000.0,9261000000.0,3798000000.0,3342000000.0,,3843000000.0,1231000000.0
AMAT,2017,2017-12-15,1377000000.0,7868000000.0,1163000000.0,14570000000.0,8353000000.0,3632000000.0,3125000000.0,,3952000000.0,1226000000.0
AMAT,2018,2018-12-13,1721000000.0,7613000000.0,2566000000.0,19419000000.0,12918000000.0,4115000000.0,5304000000.0,10825000000.0,4511000000.0,1116000000.0
AMAT,2019,2019-12-13,3519000000.0,7413000000.0,3789000000.0,17633000000.0,10604000000.0,3922000000.0,5309000000.0,14698000000.0,6612000000.0,1084000000.0
AMAT,2020,2020-12-11,3038000000.0,9630000000.0,3787000000.0,19024000000.0,10206000000.0,4447000000.0,4713000000.0,,7517000000.0,1026000000.0
AMAT,2021,2021-12-17,2706000000.0,6845000000.0,3247000000.0,22353000000.0,13369000000.0,4459000000.0,5448000000.0,,6386000000.0,945000000.0
AMAT,2022,2022-12-16,3619000000.0,8214000000.0,3804000000.0,25825000000.0,16107000000.0,6344000000.0,5452000000.0,,7692000000.0,923000000.0
AMAT,2023,2023-12-15,5888000000.0,10578000000.0,5442000000.0,26726000000.0,15925000000.0,7379000000.0,5457000000.0,,10914000000.0,919000000.0
AMAT,2024,2024-12-13,6525000000.0,12247000000.0,5399000000.0,30729000000.0,19147000000.0,7372000000.0,5461000000.0,,11993000000.0,877000000.0
AMAT,2025,2025-12-12,6856000000.0,12194000000.0,8700000000.0,34409000000.0,21220000000.0,8468000000.0,5460000000.0,,12384000000.0,845000000.0
AMD,2012,2013-02-21,471000000.0,648000000.0,-412000000.0,4954000000.0,3229000000.0,1774000000.0,,,2961000000.0,733000000.0
AMD,2013,2014-02-18,491000000.0,1013000000.0,382000000.0,4000000000.0,2265000000.0,1397000000.0,,,2940000000.0,742000000.0
AMD,2014,2015-02-19,-1183000000.0,1590000000.0,-338000000.0,4337000000.0,2884000000.0,1618000000.0,1986000000.0,,1235000000.0,741000000.0
AMD,2015,2016-02-18,-83000000.0,538000000.0,-148000000.0,3767000000.0,2736000000.0,1440000000.0,2025000000.0,,1978000000.0,754000000.0
AMD,2016,2017-02-21,-403000000.0,544000000.0,-98000000.0,3084000000.0,2320000000.0,1403000000.0,2007000000.0,,1839000000.0,768000000.0
AMD,2017,2018-02-27,-660000000.0,187000000.0,-226000000.0,3321000000.0,2530000000.0,1346000000.0,1435000000.0,,1080000000.0,783000000.0
AMD,2018,2019-02-08,-498000000.0,-350000000.0,81000000.0,3552000000.0,2634000000.0,1513000000.0,1325000000.0,4319000000.0,1003000000.0,835000000.0
AMD,2019,2020-02-04,-33000000.0,596000000.0,12000000.0,4556000000.0,3540000000.0,1984000000.0,1114000000.0,5253000000.0,1787000000.0,952000000.0
AMD,2020,2021-01-29,337000000.0,1266000000.0,34000000.0,6028000000.0,4597000000.0,2359000000.0,486000000.0,6475000000.0,2447000000.0,1064000000.0
AMD,2021,2022-02-03,341000000.0,2827000000.0,493000000.0,8962000000.0,6143000000.0,2417000000.0,330000000.0,6731000000.0,2868000000.0,1120000000.0
AMD,2022,2023-02-27,2490000000.0,5837000000.0,1071000000.0,12419000000.0,8583000000.0,4240000000.0,1000000.0,9763000000.0,4347000000.0,1207000000.0
AMD,2023,2024-01-31,3162000000.0,7497000000.0,3521000000.0,67580000000.0,15019000000.0,6369000000.0,2467000000.0,16434000000.0,7929000000.0,1229000000.0
AMD,2024,2025-02-05,1320000000.0,54750000000.0,3565000000.0,67885000000.0,16768000000.0,6689000000.0,1717000000.0,23601000000.0,10603000000.0,1571000000.0
AMD,2025,2026-02-04,854000000.0,55892000000.0,1667000000.0,69226000000.0,19049000000.0,7281000000.0,1721000000.0,22680000000.0,10460000000.0,1625000000.0
AMZN,2009,2010-01-29,476000000.0,431000000.0,1405000000.0,8314000000.0,6157000000.0,4746000000.0,409000000.0,,3353000000.0,424000000.0
AMZN,2010,2011-01-28,645000000.0,1197000000.0,1697000000.0,13813000000.0,9797000000.0,7364000000.0,109000000.0,,,432000000.0
AMZN,2011,2012-02-01,902000000.0,2672000000.0,3293000000.0,18797000000.0,13747000000.0,10372000000.0,184000000.0,,,442000000.0
AMZN,2012,2013-01-30,1152000000.0,5257000000.0,3495000000.0,25278000000.0,17490000000.0,14896000000.0,255000000.0,,,456000000.0
AMZN,2013,2014-01-31,631000000.0,6864000000.0,3903000000.0,32555000000.0,21296000000.0,19002000000.0,3084000000.0,,,461000000.0
AMZN,2014,2015-01-30,-39000000.0,7757000000.0,4180000000.0,40159000000.0,24625000000.0,22980000000.0,3191000000.0,,,453000000.0
AMZN,2015,2016-01-29,274000000.0,8192000000.0,5475000000.0,40159000000.0,31327000000.0,28089000000.0,8265000000.0,,,465000000.0
AMZN,2016,2017-02-10,-241000000.0,9746000000.0,6842000000.0,54505000000.0,35705000000.0,33887000000.0,8227000000.0,,,462000000.0
AMZN,2017,2018-02-02,596000000.0,10741000000.0,12039000000.0,64747000000.0,45781000000.0,43816000000.0,7694000000.0,,,477000000.0
AMZN,2018,2019-02-01,2371000000.0,13384000000.0,17203000000.0,83402000000.0,60197000000.0,57883000000.0,24743000000.0,135987000000.0,,484000000.0
AMZN,2019,2020-01-31,3033000000.0,19285000000.0,18365000000.0,131310000000.0,75101000000.0,68391000000.0,23495000000.0,177866000000.0,,493000000.0
AMZN,2020,2021-02-03,10073000000.0,27709000000.0,30723000000.0,162648000000.0,96334000000.0,87812000000.0,23414000000.0,232887000000.0,,500000000.0
AMZN,2021,2022-02-04,11588000000.0,43549000000.0,38514000000.0,225248000000.0,132733000000.0,126385000000.0,31816000000.0,280522000000.0,,504000000.0
AMZN,2022,2023-02-03,21331000000.0,62060000000.0,66064000000.0,321195000000.0,161580000000.0,142266000000.0,48744000000.0,386064000000.0,,10198000000.0
AMZN,2023,2024-02-02,33364000000.0,93404000000.0,46327000000.0,420549000000.0,146791000000.0,155393000000.0,67150000000.0,469822000000.0,,10296000000.0
AMZN,2024,2025-02-07,-2722000000.0,138245000000.0,46752000000.0,462675000000.0,172351000000.0,164917000000.0,58314000000.0,513983000000.0,,10189000000.0
AMZN,2025,2026-02-06,30425000000.0,146043000000.0,84946000000.0,527854000000.0,190867000000.0,179431000000.0,52623000000.0,574785000000.0,,10492000000.0
ANET,2014,2015-03-12,21349000.0,-8194000.0,26306000.0,364520000.0,282766000.0,209344000.0,0.0,,132156000.0,24901000.0
ANET,2015,2016-02-25,42460000.0,18910000.0,34648000.0,811023000.0,679479000.0,144373000.0,,,238538000.0,30051000.0
ANET,2016,2017-02-17,86850000.0,77732000.0,131875000.0,1159890000.0,974328000.0,235011000.0,,,392091000.0,54590000.0
ANET,2017,2018-02-20,121102000.0,555658000.0,237784000.0,1729007000.0,1526126000.0,459553000.0,,,543560000.0,71411000.0
ANET,2018,2019-02-15,184189000.0,788152000.0,174295000.0,2460860000.0,2266429000.0,529905000.0,,1129167000.0,723116000.0,73222000.0
ANET,2019,2020-02-14,423201000.0,1107820000.0,631627000.0,3081983000.0,2714802000.0,606504000.0,,1646186000.0,1061769000.0,78977000.0
ANET,2020,2021-02-19,328115000.0,1661914000.0,503119000.0,4185290000.0,3471636000.0,597074000.0,,2151369000.0,1373377000.0,80844000.0
ANET,2021,2022-02-15,859867000.0,2143389000.0,963034000.0,4738919000.0,3836998000.0,768243000.0,,2410706000.0,1544338000.0,323516000.0
ANET,2022,2023-02-14,634557000.0,2894686000.0,735114000.0,5734429000.0,4812676000.0,1109829000.0,,2317512000.0,1481886000.0,317860000.0
ANET,2023,2024-02-13,840854000.0,3320291000.0,1015856000.0,6775410000.0,5550748000.0,1293531000.0,,2948037000.0,1880779000.0,319238000.0
ANET,2024,2025-02-19,1352446000.0,3978600000.0,492813000.0,9956635000.0,8400064000.0,1919435000.0,,4381310000.0,2675696000.0,1265835000.0
ANET,2025,2026-02-17,2087300000.0,4885800000.0,2034000000.0,14043900000.0,11910900000.0,2732200000.0,,5860200000.0,3630300000.0,1268500000.0
ASTS,2025,2026-03-02,-87561000.0,,-148942000.0,954561000.0,600246000.0,75942000.0,155573000.0,,,81824122.0
AVA,2010,2011-02-25,73620000.0,1051287000.0,115378000.0,3606959000.0,418923000.0,503417000.0,1036149000.0,1676763000.0,,54028000.0
AVA,2011,2012-02-28,87071000.0,1050614000.0,258781000.0,3940095000.0,579565000.0,579175000.0,1101499000.0,1512565000.0,,54942000.0
AVA,2012,2013-02-26,92425000.0,1125184000.0,228437000.0,4214531000.0,614556000.0,627174000.0,,1558740000.0,,55824000.0
AVA,2013,2014-02-26,100224000.0,1185875000.0,269465000.0,4313179000.0,505794000.0,576149000.0,,1619780000.0,,58092000.0
AVA,2014,2015-02-25,78210000.0,1277135000.0,316553000.0,4361923000.0,549679000.0,625340000.0,,1391338000.0,,59201000.0
AVA,2015,2016-02-24,111077000.0,1318267000.0,242557000.0,4011533000.0,395347000.0,385269000.0,,1441744000.0,,59997000.0
AVA,2016,2017-02-22,192041000.0,1483242000.0,267268000.0,4700971000.0,306046000.0,474680000.0,,1472562000.0,,61887000.0
AVA,2017,2018-02-21,123227000.0,1528626000.0,375640000.0,4906649000.0,351341000.0,407528000.0,,1484776000.0,,62708000.0
AVA,2018,2019-02-20,137228000.0,1648727000.0,358267000.0,5309755000.0,337534000.0,697502000.0,,1442483000.0,,63920000.0
AVA,2019,2020-02-26,115916000.0,1729828000.0,410298000.0,5514732000.0,346923000.0,639584000.0,,1445929000.0,,64806000.0
AVA,2020,2021-02-24,136429000.0,1773220000.0,361885000.0,5782576000.0,305129000.0,530713000.0,1843768000.0,1396893000.0,,65946000.0
AVA,2021,2022-02-23,196979000.0,1939284000.0,398212000.0,6082456000.0,343977000.0,505879000.0,2008534000.0,1345622000.0,,66329000.0
AVA,2022,2023-02-22,129488000.0,2029726000.0,331004000.0,6402097000.0,434473000.0,913106000.0,1898370000.0,1321891000.0,,68102000.0
AVA,2023,2024-02-21,147334000.0,2154744000.0,267340000.0,6853583000.0,721802000.0,964534000.0,,1438936000.0,,70085000.0
AVA,2024,2025-02-26,155000000.0,2335000000.0,124000000.0,7417000000.0,662000000.0,775000000.0,,1710000000.0,,73093000.0
AVA,2025,2026-02-25,171000000.0,2485000000.0,447000000.0,7702000000.0,656000000.0,771000000.0,,1752000000.0,,76495000.0
AVGO,2018,2018-12-21,-1739000000.0,20285000000.0,3411000000.0,54418000000.0,15823000000.0,2529000000.0,17431000000.0,13240000000.0,5940000000.0,383000000.0
AVGO,2024,2024-12-20,11495000000.0,,16736000000.0,72861000000.0,20847000000.0,7405000000.0,,,22095000000.0,4232000000.0
AXON,2011,2012-03-13,-1106.0,112526262.0,10117286.0,136186935.0,82326195.0,11947994.0,,,63402409.0,61920094.0
AXON,2012,2013-03-08,-4384435.0,117701196.0,731525.0,104962751.0,61732423.0,15887897.0,,,45366875.0,62524446.0
AXON,2013,2014-03-10,-7040000.0,117564000.0,17266000.0,116236000.0,79053000.0,18109000.0,,,44529000.0,59436000.0
AXON,2014,2015-03-12,14738000.0,82455000.0,26517000.0,148382000.0,97467000.0,23129000.0,,,67715000.0,54723000.0
AXON,2015,2016-03-07,18244000.0,87285000.0,32426000.0,185368000.0,134642000.0,31973000.0,,,85843000.0,54152000.0
AXON,2016,2017-03-06,19918000.0,108347000.0,35432000.0,229881000.0,161409000.0,38140000.0,,,101548000.0,54500000.0
AXON,2017,2018-03-01,19933000.0,129106000.0,46445000.0,278163000.0,177231000.0,78039000.0,,,128647000.0,54638000.0
AXON,2018,2019-02-27,17297000.0,157004000.0,21135000.0,338112000.0,205192000.0,107950000.0,,268245000.0,170536000.0,53536000.0
AXON,2019,2020-02-28,5207000.0,150888000.0,18471000.0,719540000.0,558155000.0,166011000.0,,343798000.0,207088000.0,53898000.0
AXON,2020,2021-02-26,29205000.0,167444000.0,63875000.0,845639000.0,609475000.0,195566000.0,,420068000.0,258583000.0,57922000.0
AXON,2021,2022-02-25,882000.0,467324000.0,65673000.0,1381023000.0,981952000.0,256331000.0,,530860000.0,307286000.0,60018000.0
AXON,2022,2023-02-28,-1724000.0,543495000.0,38481000.0,1688210000.0,1109490000.0,418521000.0,,681003000.0,416331000.0,61782000.0
AXON,2023,2024-02-27,-60018000.0,976255000.0,124494000.0,2851894000.0,1805278000.0,602646000.0,,863381000.0,540910000.0,66191000.0
AXON,2024,2025-05-07,146930000.0,1050233000.0,235361000.0,3409174000.0,2393642000.0,761539000.0,677113000.0,1187143000.0,726113000.0,72534000.0
AXON,2025,2026-02-25,175783000.0,1270666000.0,189263000.0,4474588000.0,2297481000.0,1677875000.0,0.0,1560699000.0,955453000.0,75456000.0
BA,2010,2011-02-09,2672000000.0,2128000000.0,-401000000.0,62053000000.0,35275000000.0,32883000000.0,,60909000000.0,10557000000.0,729000000.0
BA,2011,2012-02-09,1312000000.0,2766000000.0,5603000000.0,68565000000.0,40572000000.0,35395000000.0,,68281000000.0,11741000000.0,713400000.0
BA,2012,2013-02-11,3307000000.0,3515000000.0,2952000000.0,79986000000.0,49810000000.0,41274000000.0,,64306000000.0,12463000000.0,741200000.0
BA,2013,2014-02-14,4018000000.0,5867000000.0,4023000000.0,88896000000.0,57309000000.0,44982000000.0,,68735000000.0,12847000000.0,750600000.0
BA,2014,2015-02-12,3900000000.0,14875000000.0,7508000000.0,92663000000.0,65074000000.0,51486000000.0,,81698000000.0,13033000000.0,761500000.0
BA,2015,2016-02-10,4585000000.0,8665000000.0,8179000000.0,92921000000.0,67767000000.0,48233000000.0,,86623000000.0,13355000000.0,767600000.0
BA,2016,2017-02-08,5446000000.0,6335000000.0,8858000000.0,94408000000.0,68234000000.0,50412000000.0,,90762000000.0,14010000000.0,736700000.0
BA,2017,2018-02-12,5176000000.0,817000000.0,9363000000.0,89997000000.0,62488000000.0,50134000000.0,,96114000000.0,14026000000.0,695000000.0
BA,2018,2019-02-08,5034000000.0,1656000000.0,10496000000.0,112362000000.0,85194000000.0,74648000000.0,,93496000000.0,14470000000.0,642800000.0
BA,2019,2020-01-31,8458000000.0,339000000.0,13346000000.0,117359000000.0,87830000000.0,81590000000.0,,94005000000.0,17393000000.0,610000000.0
BA,2020,2021-02-01,10460000000.0,-8617000000.0,15322000000.0,133625000000.0,102229000000.0,97312000000.0,20964000000.0,101127000000.0,19637000000.0,585500000.0
BA,2021,2022-01-31,-636000000.0,-18316000000.0,-2446000000.0,152136000000.0,121642000000.0,87280000000.0,63380000000.0,76559000000.0,4466000000.0,565400000.0
BA,2022,2023-01-27,-11873000000.0,-14999000000.0,-18410000000.0,138552000000.0,108666000000.0,81992000000.0,57921000000.0,58158000000.0,-5685000000.0,568600000.0
BA,2023,2024-01-31,-4202000000.0,-15883000000.0,-3416000000.0,137100000000.0,109523000000.0,90052000000.0,56794000000.0,62286000000.0,3049000000.0,587600000.0
BA,2024,2025-02-03,-4935000000.0,-17233000000.0,3512000000.0,137012000000.0,109275000000.0,95827000000.0,52055000000.0,66608000000.0,3530000000.0,594900000.0
BA,2025,2026-01-30,-2222000000.0,-3908000000.0,5960000000.0,156363000000.0,127998000000.0,97078000000.0,53625000000.0,77794000000.0,7724000000.0,605800000.0
BAC,2009,2010-02-26,14982000000.0,135272000000.0,11036000000.0,1817943000000.0,,,268292000000.0,66833000000.0,,4463213000.0
BAC,2010,2011-02-25,4008000000.0,146803000000.0,4034000000.0,0.0,,,522877000000.0,72782000000.0,,4596428000.0
BAC,2011,2012-02-23,6276000000.0,177052000000.0,129731000000.0,2264909000000.0,,,448431000000.0,119643000000.0,,7728570000.0
BAC,2012,2013-02-28,-2238000000.0,231444000000.0,82541000000.0,2129046000000.0,,,372265000000.0,110220000000.0,,9790472000.0
BAC,2013,2014-02-25,1446000000.0,228248000000.0,64448000000.0,2209974000000.0,,,275585000000.0,93454000000.0,,10254824000.0
BAC,2014,2015-02-25,4188000000.0,230101000000.0,,2102273000000.0,,,249674000000.0,83334000000.0,,10840854000.0
BAC,2015,2016-02-24,11431000000.0,236956000000.0,,2104534000000.0,,,243139000000.0,88942000000.0,,11491418000.0
BAC,2016,2017-02-23,5520000000.0,232475000000.0,,2144287000000.0,,,236764000000.0,85894000000.0,,10584535000.0
BAC,2017,2018-02-22,15910000000.0,243476000000.0,,2188067000000.0,,,216823000000.0,82965000000.0,,11236230000.0
BAC,2018,2019-02-26,17822000000.0,255615000000.0,17277000000.0,2281234000000.0,,,227402000000.0,83701000000.0,,11046800000.0
BAC,2019,2020-02-19,18232000000.0,266195000000.0,9864000000.0,2354507000000.0,,,229392000000.0,87126000000.0,,10778400000.0
BAC,2020,2021-02-24,28147000000.0,267146000000.0,39520000000.0,2434079000000.0,,,240856000000.0,91020000000.0,,10236900000.0
BAC,2021,2022-02-22,27430000000.0,265325000000.0,61777000000.0,2819627000000.0,,,262934000000.0,91244000000.0,,9442900000.0
BAC,2022,2023-02-22,17894000000.0,264810000000.0,37993000000.0,3169495000000.0,,,280117000000.0,85528000000.0,,8796900000.0
BAC,2023,2024-02-20,31978000000.0,272924000000.0,-7193000000.0,3051375000000.0,,,275982000000.0,89113000000.0,,8558400000.0
BAC,2024,2025-02-25,27528000000.0,270066000000.0,-6327000000.0,3180151000000.0,,,302204000000.0,94950000000.0,,8167500000.0
BAC,2025,2026-02-25,26305000000.0,273197000000.0,44982000000.0,3261299000000.0,,,283279000000.0,102769000000.0,,8080500000.0
BE,2018,2019-03-22,-279658000.0,-2180004000.0,-282826000.0,1220987000.0,419981000.0,271284000.0,921205000.0,208540000.0,-103489000.0,10046000.0
BE,2021,2022-02-25,-304414000.0,78824000.0,163770000.0,1454387000.0,618604000.0,436377000.0,270053000.0,785177000.0,97587000.0,115118000.0
BE,2023,2024-02-15,-301708000.0,340777000.0,-60681000.0,1946627000.0,1055963000.0,541946000.0,385556000.0,972176000.0,197581000.0,173438000.0
CAT,2009,2010-02-19,3541000000.0,6937000000.0,7955000000.0,56132000000.0,25477000000.0,22245000000.0,,44958000000.0,,659500000.0
CAT,2010,2011-02-22,3557000000.0,8980000000.0,4672000000.0,67782000000.0,31885000000.0,25625000000.0,22834000000.0,51324000000.0,,627900000.0
CEG,2024,2025-02-18,-160000000.0,10925000000.0,-2353000000.0,50758000000.0,8299000000.0,6319000000.0,7496000000.0,24440000000.0,,329000000.0
CEG,2025,2026-02-24,1623000000.0,13166000000.0,-5301000000.0,52926000000.0,10776000000.0,6846000000.0,7384000000.0,24918000000.0,,324000000.0
CGNX,2010,2011-02-10,27275000.0,476365000.0,58937000.0,439869000.0,249354000.0,38680000.0,,,174253000.0,41554000.0
CGNX,2011,2012-02-09,-4869000.0,413075000.0,12283000.0,533104000.0,279005000.0,54432000.0,,,119340000.0,39659000.0
CGNX,2012,2013-02-11,61381000.0,394448000.0,76333000.0,611881000.0,285346000.0,54105000.0,,,213103000.0,40297000.0
CGNX,2013,2014-02-13,69869000.0,473311000.0,86275000.0,627605000.0,239597000.0,50104000.0,,,243995000.0,85524000.0
CGNX,2014,2015-02-12,68098000.0,552980000.0,101131000.0,709699000.0,332051000.0,61022000.0,,,244784000.0,87280000.0
CGNX,2015,2016-02-10,73573000.0,572285000.0,95455000.0,821734000.0,271911000.0,80674000.0,,,244762000.0,88901000.0
CGNX,2016,2017-02-16,121485000.0,643912000.0,163841000.0,887756000.0,444494000.0,53688000.0,,,332382000.0,89071000.0
CGNX,2017,2018-02-15,187074000.0,736437000.0,128327000.0,1038604000.0,526344000.0,65773000.0,,,347986000.0,175982000.0
CGNX,2018,2019-02-14,143694000.0,832331000.0,182081000.0,1287753000.0,629991000.0,112635000.0,,529515000.0,398445000.0,174144000.0
CGNX,2019,2020-02-13,176712000.0,963385000.0,224323000.0,1289667000.0,780326000.0,91357000.0,,766083000.0,578794000.0,179551000.0
CGNX,2020,2021-02-11,219267000.0,1095673000.0,223454000.0,1885935000.0,607231000.0,120477000.0,,806338000.0,600286000.0,177406000.0
CGNX,2021,2022-02-17,203865000.0,1135263000.0,253311000.0,1800702000.0,601691000.0,132297000.0,,725625000.0,535871000.0,175269000.0
CGNX,2022,2023-02-16,176186000.0,1355710000.0,242400000.0,2003662000.0,639798000.0,188589000.0,,811020000.0,604599000.0,176592000.0
CGNX,2023,2024-02-15,279881000.0,1262202000.0,314065000.0,1958140000.0,717699000.0,187708000.0,,1037098000.0,759827000.0,179916000.0
CGNX,2024,2025-02-13,215525000.0,1430093000.0,243406000.0,2017812000.0,678997000.0,151884000.0,,1006090000.0,721905000.0,174869000.0
CGNX,2025,2026-02-12,113234000.0,1438394000.0,112916000.0,1992850000.0,613367000.0,169380000.0,,837547000.0,601241000.0,173399000.0
COIN,2021,2022-02-25,-30387000.0,500071000.0,-80594000.0,5855414000.0,5133948000.0,4246855000.0,0.0,533735000.0,,61317000.0
COIN,2022,2023-02-21,322317000.0,497086000.0,293548000.0,21274425000.0,18373863000.0,11419035000.0,3384795000.0,1277481000.0,,91209000.0
COIN,2023,2024-02-15,3624120000.0,963584000.0,4038172000.0,89724873000.0,86448215000.0,80815293000.0,3393448000.0,7839444000.0,,219965000.0
COIN,2024,2025-02-13,-2624949000.0,6381689000.0,-1585419000.0,14753901000.0,11356794000.0,5485079000.0,2979957000.0,3194208000.0,,222338000.0
COIN,2025,2026-02-12,94871000.0,5454557000.0,673376000.0,22541951000.0,18112653000.0,7941320000.0,4234081000.0,3108383000.0,,254391000.0
COST,2010,2010-10-18,1283000000.0,10024000000.0,2206000000.0,20682000000.0,10337000000.0,9281000000.0,2130000000.0,72483000000.0,,444240000.0
COST,2011,2011-10-14,1086000000.0,10829000000.0,2092000000.0,21979000000.0,11708000000.0,10063000000.0,2141000000.0,71422000000.0,,440454000.0
COST,2012,2012-10-19,1303000000.0,12002000000.0,2780000000.0,23815000000.0,13706000000.0,12050000000.0,1253000000.0,77946000000.0,,445970000.0
COST,2013,2013-10-16,1462000000.0,12361000000.0,3198000000.0,26761000000.0,13526000000.0,12260000000.0,1381000000.0,88915000000.0,,443094000.0
COST,2014,2014-10-15,1709000000.0,10833000000.0,3057000000.0,27140000000.0,15840000000.0,13257000000.0,4998000000.0,99137000000.0,,439373000.0
COST,2015,2015-10-14,2039000000.0,12303000000.0,,30283000000.0,17588000000.0,14412000000.0,5093000000.0,105156000000.0,,440512000.0
COST,2016,2016-10-12,2058000000.0,10617000000.0,,32662000000.0,16779000000.0,16539000000.0,4852000000.0,112640000000.0,,442485000.0
COST,2017,2017-10-18,2377000000.0,12079000000.0,,33017000000.0,15218000000.0,15575000000.0,4061000000.0,116199000000.0,,442716000.0
COST,2018,2018-10-26,2350000000.0,10778000000.0,,33163000000.0,17317000000.0,17495000000.0,6573000000.0,118719000000.0,,441263000.0
COST,2020,2020-10-07,3134000000.0,15243000000.0,5774000000.0,40830000000.0,23485000000.0,23237000000.0,5124000000.0,141576000000.0,,441834000.0
COST,2021,2021-10-06,3659000000.0,18284000000.0,6356000000.0,45400000000.0,28120000000.0,24844000000.0,7514000000.0,152703000000.0,,442923000.0
COST,2022,2022-10-05,4002000000.0,17564000000.0,8861000000.0,55556000000.0,29505000000.0,29441000000.0,6692000000.0,166761000000.0,,443901000.0
COST,2023,2023-10-11,5007000000.0,20642000000.0,8958000000.0,59268000000.0,32696000000.0,31998000000.0,6484000000.0,195929000000.0,,444346000.0
COST,2024,2024-10-09,5844000000.0,25058000000.0,7392000000.0,64166000000.0,35879000000.0,33583000000.0,5377000000.0,226954000000.0,,444757000.0
COST,2025,2025-10-08,6292000000.0,23622000000.0,11068000000.0,68994000000.0,34246000000.0,35464000000.0,5794000000.0,242290000000.0,,444452000.0
CRWD,2022,2022-03-16,-141779000.0,870574000.0,99943000.0,2732533000.0,2292274000.0,863553000.0,738029000.0,,339786000.0,148062000.0
CRWD,2023,2024-03-07,-234802000.0,1463641000.0,574784000.0,5026540000.0,3640267000.0,2109072000.0,741005000.0,,1068373000.0,227142000.0
CRWD,2024,2025-03-10,-183245000.0,2303950000.0,941007000.0,6646520000.0,4757307000.0,2697279000.0,742494000.0,,1640005000.0,233139000.0
CRWD,2026,2026-03-05,72181000.0,3279494000.0,1166207000.0,8701578000.0,6113345000.0,3461050000.0,743983000.0,,2296626000.0,243635000.0
CRWV,2025,2026-03-02,-594000000.0,-11000000.0,1833000000.0,17833000000.0,1916000000.0,4963000000.0,5458000000.0,229000000.0,,192000000.0
CSCO,2010,2010-09-21,8052000000.0,38647000000.0,12089000000.0,68128000000.0,44177000000.0,13655000000.0,10295000000.0,,25346000000.0,6163000000.0
CSCO,2011,2011-09-14,6134000000.0,44267000000.0,9897000000.0,81130000000.0,51421000000.0,19233000000.0,12188000000.0,,23094000000.0,5857000000.0
CSCO,2012,2012-09-12,7767000000.0,47226000000.0,10173000000.0,87095000000.0,57231000000.0,17506000000.0,16234000000.0,40040000000.0,25643000000.0,5848000000.0
CSCO,2013,2013-09-10,6490000000.0,51286000000.0,10079000000.0,91759000000.0,61933000000.0,17731000000.0,16297000000.0,43218000000.0,26536000000.0,5563000000.0
CSCO,2014,2014-09-09,8041000000.0,59120000000.0,,101191000000.0,65521000000.0,21996000000.0,12928000000.0,46061000000.0,28209000000.0,5404000000.0
CSCO,2015,2015-09-08,9983000000.0,56654000000.0,,105070000000.0,67114000000.0,19809000000.0,20337000000.0,48607000000.0,29440000000.0,5380000000.0
CSCO,2016,2016-09-08,7853000000.0,59698000000.0,,113373000000.0,73368000000.0,23412000000.0,21457000000.0,47142000000.0,27769000000.0,5281000000.0
CSCO,2017,2017-09-07,8981000000.0,63586000000.0,,121652000000.0,78719000000.0,24911000000.0,24483000000.0,,29681000000.0,5146000000.0
CSCO,2018,2018-09-06,10739000000.0,66137000000.0,13570000000.0,129818000000.0,83703000000.0,27583000000.0,25725000000.0,49247000000.0,30960000000.0,5088000000.0
CSCO,2019,2019-09-05,9609000000.0,43204000000.0,13876000000.0,108784000000.0,61837000000.0,27035000000.0,20331000000.0,,30224000000.0,5049000000.0
CSCO,2020,2020-09-03,110000000.0,66137000000.0,13666000000.0,97793000000.0,47755000000.0,31712000000.0,14475000000.0,,30606000000.0,4881000000.0
CSCO,2021,2021-09-09,11621000000.0,43204000000.0,15831000000.0,94853000000.0,43573000000.0,25331000000.0,11578000000.0,,32666000000.0,4453000000.0
CSCO,2022,2022-09-08,11214000000.0,33571000000.0,15426000000.0,97497000000.0,39112000000.0,26257000000.0,9018000000.0,,31683000000.0,4254000000.0
CSCO,2023,2023-09-07,10591000000.0,37920000000.0,15454000000.0,94002000000.0,36717000000.0,25640000000.0,8416000000.0,,31894000000.0,4236000000.0
CSCO,2024,2024-09-05,11812000000.0,41275000000.0,13226000000.0,101852000000.0,43348000000.0,31309000000.0,6658000000.0,,32248000000.0,4192000000.0
CSCO,2025,2025-09-03,12613000000.0,39773000000.0,19886000000.0,124413000000.0,36862000000.0,40584000000.0,19621000000.0,,35753000000.0,4105000000.0
CTMX,2021,2023-03-27,-102238000.0,130883000.0,-140480000.0,358663000.0,324013000.0,100924000.0,,57489000.0,,45335927.0
CTMX,2022,2023-03-27,-115870000.0,-7774000.0,-119031000.0,339411000.0,310301000.0,77870000.0,,37312000.0,,64146848.0
CTMX,2023,2024-03-11,-99317000.0,-459000.0,-110788000.0,260891000.0,237102000.0,152608000.0,,53163000.0,,65739844.0
CTMX,2024,2025-03-06,-569000.0,-85751000.0,-56035000.0,201792000.0,182936000.0,155913000.0,,101214000.0,,73808237.0
CTMX,2025,2026-03-16,31869000.0,-47447000.0,-86231000.0,120533000.0,107305000.0,85772000.0,,138103000.0,,84745116.0
CVNA,2021,2022-02-24,-115000000.0,388000000.0,-757000000.0,3035000000.0,1923000000.0,467000000.0,1617000000.0,3940000000.0,507000000.0,46847000.0
CVNA,2022,2023-02-23,-171000000.0,306000000.0,-608000000.0,7015000000.0,4892000000.0,2890000000.0,3208000000.0,5587000000.0,794000000.0,64981000.0
CVNA,2023,2024-02-22,-135000000.0,-518000000.0,-2594000000.0,8698000000.0,4594000000.0,2592000000.0,6574000000.0,12814000000.0,1929000000.0,82805000.0
CVNA,2024,2025-02-19,-1587000000.0,243000000.0,-1324000000.0,7071000000.0,3321000000.0,1536000000.0,5416000000.0,13604000000.0,1246000000.0,100828000.0
CVNA,2025,2026-02-18,450000000.0,1260000000.0,803000000.0,8484000000.0,4869000000.0,1338000000.0,5256000000.0,10771000000.0,1724000000.0,200578000.0
CVS,2009,2010-02-26,2637000000.0,31322000000.0,3230000000.0,60960000000.0,16526000000.0,13490000000.0,8057000000.0,76330000000.0,16108000000.0,1372000000.0
CVS,2010,2011-02-18,3198000000.0,34574000000.0,3947000000.0,60960000000.0,17537000000.0,12300000000.0,8756000000.0,87472000000.0,18290000000.0,1469000000.0
CVS,2016,2017-02-09,4644000000.0,37196000000.0,8137000000.0,92437000000.0,29158000000.0,23169000000.0,26267000000.0,139367000000.0,25367000000.0,1169000000.0
CVS,2017,2018-02-14,5237000000.0,36830000000.0,8539000000.0,94462000000.0,31042000000.0,26250000000.0,25615000000.0,153290000000.0,26528000000.0,1126000000.0
CVS,2018,2019-02-28,5317000000.0,37691000000.0,10141000000.0,95131000000.0,31229000000.0,30648000000.0,22181000000.0,177546000000.0,,1079000000.0
CVS,2019,2020-02-18,6622000000.0,58225000000.0,8007000000.0,196456000000.0,45243000000.0,44009000000.0,71444000000.0,184786000000.0,,1024000000.0
CVS,2020,2021-02-16,-594000000.0,63864000000.0,8865000000.0,222449000000.0,50302000000.0,53303000000.0,,194579000000.0,,1044000000.0
CVS,2021,2022-02-09,6634000000.0,69389000000.0,12848000000.0,230715000000.0,56369000000.0,62017000000.0,,256776000000.0,,1305000000.0
CVS,2022,2023-02-08,7179000000.0,75075000000.0,15865000000.0,232999000000.0,60008000000.0,67807000000.0,,268706000000.0,,1314000000.0
CVS,2023,2024-02-07,8001000000.0,71469000000.0,18265000000.0,228275000000.0,65633000000.0,69421000000.0,,292111000000.0,,1329000000.0
CVS,2024,2025-02-12,4311000000.0,76461000000.0,16177000000.0,249728000000.0,67858000000.0,79189000000.0,,322467000000.0,,1323000000.0
CVS,2025,2026-02-10,8344000000.0,75560000000.0,13426000000.0,253215000000.0,68645000000.0,84609000000.0,,357776000000.0,,1290000000.0
CVX,2010,2011-02-24,23931000000.0,86648000000.0,29632000000.0,164621000000.0,37216000000.0,26211000000.0,9829000000.0,273005000000.0,,2050000000.0
CVX,2011,2012-02-23,10483000000.0,91914000000.0,19373000000.0,184769000000.0,48841000000.0,29012000000.0,11003000000.0,171636000000.0,,2001000000.0
CVX,2012,2013-02-22,19024000000.0,121382000000.0,31354000000.0,209474000000.0,53234000000.0,33600000000.0,9684000000.0,204928000000.0,,2007000000.0
CVX,2013,2014-02-21,26895000000.0,136524000000.0,41095000000.0,232982000000.0,55720000000.0,34212000000.0,11966000000.0,253706000000.0,,2001000000.0
CVX,2014,2015-02-20,26179000000.0,149113000000.0,38812000000.0,253753000000.0,50250000000.0,33018000000.0,19960000000.0,241909000000.0,,1965000000.0
CVX,2015,2016-02-25,21423000000.0,155028000000.0,35002000000.0,266026000000.0,42232000000.0,31926000000.0,23960000000.0,228848000000.0,,1932000000.0
CVX,2016,2017-02-23,19241000000.0,152716000000.0,31475000000.0,264540000000.0,34430000000.0,25467000000.0,33542000000.0,211970000000.0,,1898000000.0
CVX,2017,2018-02-22,4587000000.0,145556000000.0,19456000000.0,260078000000.0,29619000000.0,31785000000.0,35193000000.0,138477000000.0,,1875000000.0
CVX,2018,2019-02-22,-497000000.0,148124000000.0,12690000000.0,253806000000.0,28560000000.0,27737000000.0,,114472000000.0,,1873000000.0
CVX,2019,2020-02-21,9195000000.0,154554000000.0,20338000000.0,253863000000.0,34021000000.0,27171000000.0,,141722000000.0,,1898000000.0
CVX,2020,2021-02-25,14824000000.0,144213000000.0,30618000000.0,237428000000.0,28329000000.0,26530000000.0,,166339000000.0,,1914000000.0
CVX,2021,2022-02-24,2924000000.0,131688000000.0,27314000000.0,239790000000.0,26078000000.0,22183000000.0,,146516000000.0,,1895000000.0
CVX,2022,2023-02-23,-5543000000.0,139067000000.0,10577000000.0,239535000000.0,33738000000.0,26791000000.0,,94692000000.0,,1870000000.0
CVX,2023,2024-02-26,15625000000.0,159282000000.0,29187000000.0,257709000000.0,50343000000.0,34208000000.0,,162465000000.0,,1920000000.0
CVX,2024,2025-02-21,35465000000.0,160957000000.0,49602000000.0,261632000000.0,41128000000.0,32258000000.0,,246252000000.0,,1940000000.0
CVX,2025,2026-02-24,21369000000.0,152318000000.0,35609000000.0,256938000000.0,40911000000.0,38558000000.0,,200949000000.0,,1880000000.0
DASH,2021,2022-03-01,-667000000.0,-436000000.0,-467000000.0,6353000000.0,5517000000.0,1402000000.0,,885000000.0,,43252000.0
DASH,2022,2023-02-27,-461000000.0,-1082000000.0,252000000.0,6809000000.0,4565000000.0,1760000000.0,,2886000000.0,,62390000.0
DASH,2023,2024-02-20,-468000000.0,4700000000.0,692000000.0,9789000000.0,4720000000.0,2544000000.0,,4888000000.0,,336847000.0
DASH,2024,2025-02-14,-1365000000.0,4667000000.0,367000000.0,10839000000.0,5597000000.0,3410000000.0,,6583000000.0,,371413000.0
DASH,2025,2026-02-18,-558000000.0,6754000000.0,1673000000.0,12845000000.0,7386000000.0,4438000000.0,,8635000000.0,,392948000.0
DELL,2022,2022-03-24,4616000000.0,2479000000.0,9291000000.0,123415000000.0,43567000000.0,54132000000.0,32865000000.0,84815000000.0,20639000000.0,751000000.0
DELL,2023,2023-03-30,3250000000.0,-1685000000.0,11407000000.0,92735000000.0,45033000000.0,56219000000.0,21131000000.0,86670000000.0,20140000000.0,767000000.0
DELL,2024,2024-03-25,5563000000.0,-3122000000.0,10307000000.0,89611000000.0,42351000000.0,51654000000.0,23015000000.0,101197000000.0,21891000000.0,791000000.0
DELL,2025,2025-03-25,2442000000.0,-2227000000.0,3565000000.0,82126000000.0,35984000000.0,48354000000.0,19012000000.0,102301000000.0,22686000000.0,753000000.0
DELL,2026,2026-03-16,3388000000.0,-1482000000.0,8676000000.0,79746000000.0,36229000000.0,46527000000.0,19363000000.0,88425000000.0,21069000000.0,736000000.0
EBAY,2009,2010-02-17,348251000.0,11704602000.0,2641329000.0,15592439000.0,6286590000.0,3705087000.0,,,5909357000.0,1376174000.0
EBAY,2010,2011-01-28,1779474000.0,11083858000.0,2881995000.0,18408320000.0,8460208000.0,3641968000.0,0.0,,6313192000.0,1312608000.0
EBAY,2011,2012-01-31,2389097000.0,13787648000.0,2908086000.0,22003762000.0,11065338000.0,4516514000.0,1494227000.0,8727362000.0,6247600000.0,1304981000.0
EBAY,2012,2013-02-01,1801000000.0,15302000000.0,2746000000.0,27320000000.0,12661000000.0,6734000000.0,1525000000.0,9156000000.0,6592000000.0,1327000000.0
EBAY,2013,2014-01-31,3229000000.0,17930000000.0,3274000000.0,37074000000.0,21398000000.0,10924000000.0,4106000000.0,11652000000.0,8191000000.0,1313000000.0
EBAY,2014,2015-02-06,2609000000.0,20865000000.0,3838000000.0,41488000000.0,23283000000.0,12639000000.0,4117000000.0,14072000000.0,9856000000.0,1313000000.0
EBAY,2015,2016-02-01,2856000000.0,23647000000.0,4995000000.0,45132000000.0,26531000000.0,17531000000.0,6777000000.0,,6765000000.0,1313000000.0
EBAY,2016,2017-02-06,46000000.0,19906000000.0,5677000000.0,17755000000.0,7904000000.0,2263000000.0,6749000000.0,,7127000000.0,1251000000.0
EBAY,2017,2018-02-05,1725000000.0,6576000000.0,4033000000.0,23847000000.0,8875000000.0,3847000000.0,7509000000.0,,6821000000.0,1220000000.0
EBAY,2018,2019-01-30,7266000000.0,10526000000.0,2826000000.0,25986000000.0,7744000000.0,3559000000.0,9234000000.0,,7294000000.0,1144000000.0
EBAY,2019,2020-01-31,-1017000000.0,8049000000.0,3146000000.0,22819000000.0,7126000000.0,4454000000.0,7685000000.0,,7706000000.0,1064000000.0
EBAY,2020,2021-02-04,2530000000.0,6281000000.0,2658000000.0,18174000000.0,4706000000.0,4066000000.0,6738000000.0,,6627000000.0,991000000.0
EBAY,2021,2022-02-24,1786000000.0,2870000000.0,3114000000.0,19310000000.0,7190000000.0,4002000000.0,7740000000.0,,5844000000.0,856000000.0
EBAY,2022,2023-02-23,5667000000.0,3561000000.0,2419000000.0,26626000000.0,9111000000.0,4622000000.0,7727000000.0,,7097000000.0,718000000.0
EBAY,2023,2024-02-28,13608000000.0,9778000000.0,2657000000.0,20850000000.0,9290000000.0,4271000000.0,7721000000.0,,7770000000.0,663000000.0
EBAY,2024,2025-02-27,-1269000000.0,5153000000.0,2254000000.0,21620000000.0,11016000000.0,4520000000.0,,,7115000000.0,558000000.0
EBAY,2025,2026-02-19,2767000000.0,6396000000.0,2426000000.0,19365000000.0,7567000000.0,6098000000.0,,,7279000000.0,533000000.0
GD,2010,2011-02-18,2459000000.0,11768000000.0,3124000000.0,28373000000.0,13249000000.0,10371000000.0,3159000000.0,29300000000.0,,398746000.0
GD,2011,2012-02-17,2394000000.0,10053000000.0,2855000000.0,31077000000.0,14186000000.0,11177000000.0,2430000000.0,31981000000.0,,387923000.0
GD,2012,2013-02-08,2624000000.0,12423000000.0,2986000000.0,32545000000.0,15368000000.0,11145000000.0,3907000000.0,32466000000.0,,385236000.0
GD,2013,2014-02-07,2526000000.0,13316000000.0,3238000000.0,34883000000.0,15744000000.0,11620000000.0,3908000000.0,32677000000.0,,367524000.0
GD,2014,2015-02-09,-332000000.0,13232000000.0,2606000000.0,34309000000.0,18162000000.0,12259000000.0,3908000000.0,30992000000.0,,353346000.0
GD,2015,2016-02-08,2357000000.0,11390000000.0,3111000000.0,35473000000.0,17407000000.0,13751000000.0,3392000000.0,30930000000.0,,353499000.0
GD,2016,2017-02-06,2533000000.0,14501000000.0,,35337000000.0,14571000000.0,12445000000.0,2898000000.0,30852000000.0,,341331000.0
GD,2017,2018-02-12,3036000000.0,11829000000.0,,32538000000.0,16534000000.0,13450000000.0,2988000000.0,31781000000.0,,326652000.0
GD,2018,2019-02-13,2572000000.0,10440000000.0,,33172000000.0,18328000000.0,13099000000.0,3980000000.0,30561000000.0,,310387000.0
GD,2019,2020-02-10,2912000000.0,10301000000.0,3876000000.0,35046000000.0,18189000000.0,14739000000.0,11444000000.0,30973000000.0,,304637000.0
GD,2020,2021-02-09,3345000000.0,11801000000.0,3148000000.0,45887000000.0,20288000000.0,16801000000.0,9010000000.0,36193000000.0,,299160000.0
GD,2021,2022-02-09,3484000000.0,12110000000.0,2981000000.0,49349000000.0,21543000000.0,15964000000.0,9995000000.0,39350000000.0,,290836000.0
GD,2022,2023-02-07,3167000000.0,13978000000.0,3858000000.0,51308000000.0,19987000000.0,13978000000.0,10490000000.0,37925000000.0,,287913000.0
GD,2023,2024-02-08,3257000000.0,15661000000.0,4271000000.0,50073000000.0,21063000000.0,15341000000.0,9243000000.0,38469000000.0,,282017000.0
GD,2024,2025-02-07,3390000000.0,17641000000.0,4579000000.0,51585000000.0,23615000000.0,16432000000.0,8754000000.0,39407000000.0,,278169000.0
GD,2025,2026-01-30,3315000000.0,18568000000.0,4710000000.0,54810000000.0,24386000000.0,17824000000.0,7260000000.0,42272000000.0,,275725000.0
GE,2015,2016-02-26,13057000000.0,123026000000.0,28510000000.0,663247000000.0,,,,110062000000.0,,10289000000.0
GE,2016,2017-02-24,15233000000.0,130566000000.0,27709000000.0,653931000000.0,,,,112588000000.0,,10123000000.0
GE,2017,2018-02-23,-6126000000.0,98274000000.0,19891000000.0,493071000000.0,,,,117386000000.0,,10016000000.0
GE,2018,2019-02-26,7500000000.0,70162000000.0,1160000000.0,359122000000.0,,,,119469000000.0,,9130000000.0
GE,2019,2020-02-24,-8484000000.0,56031000000.0,6554000000.0,311072000000.0,,,,99279000000.0,,8687000000.0
GE,2020,2021-02-12,-22355000000.0,30981000000.0,4978000000.0,265177000000.0,103096000000.0,78865000000.0,,97012000000.0,,8691000000.0
GE,2021,2022-02-11,-4979000000.0,28316000000.0,8734000000.0,256211000000.0,84853000000.0,54613000000.0,,90221000000.0,,1091000000.0
GE,2022,2023-02-10,5704000000.0,40310000000.0,3568000000.0,198874000000.0,66348000000.0,51953000000.0,,75833000000.0,,1095000000.0
GE,2023,2024-02-02,-6337000000.0,33696000000.0,3481000000.0,188851000000.0,58384000000.0,49428000000.0,20862000000.0,56469000000.0,,1098000000.0
GE,2024,2025-02-03,336000000.0,27403000000.0,5917000000.0,173300000000.0,42556000000.0,32103000000.0,19273000000.0,29139000000.0,,1101000000.0
GE,2025,2026-01-29,9482000000.0,19342000000.0,5189000000.0,123140000000.0,37635000000.0,34392000000.0,20469000000.0,35348000000.0,,1099000000.0
GLW,2011,2012-02-13,2008000000.0,19375000000.0,,21295000000.0,8859000000.0,1986000000.0,2319000000.0,,2093000000.0,1568000000.0
GLW,2012,2013-02-13,3558000000.0,21078000000.0,,25833000000.0,8677000000.0,2097000000.0,2391000000.0,,3049000000.0,1581000000.0
GLW,2013,2014-02-10,2817000000.0,21486000000.0,,27848000000.0,9695000000.0,1956000000.0,,,3576000000.0,1583000000.0
GLW,2014,2015-02-13,1636000000.0,21162000000.0,,29375000000.0,8891000000.0,1746000000.0,,,3319000000.0,1506000000.0
GLW,2015,2016-02-12,1961000000.0,21579000000.0,,28478000000.0,10238000000.0,2324000000.0,,,3324000000.0,1462000000.0
GLW,2016,2017-02-06,2472000000.0,18788000000.0,,30063000000.0,8269000000.0,2814000000.0,,,4052000000.0,1427000000.0
GLW,2017,2018-02-15,1339000000.0,17893000000.0,2829000000.0,28527000000.0,9048000000.0,2751000000.0,,,3653000000.0,1343000000.0
GLW,2018,2019-02-12,3695000000.0,15698000000.0,2537000000.0,27899000000.0,8827000000.0,3209000000.0,,9390000000.0,3763000000.0,1144000000.0
GLW,2019,2020-02-18,-497000000.0,13792000000.0,2004000000.0,27494000000.0,7034000000.0,3311000000.0,,10116000000.0,4020000000.0,895000000.0
GLW,2020,2021-02-12,1066000000.0,12907000000.0,2919000000.0,27505000000.0,7463000000.0,3521000000.0,,11290000000.0,4461000000.0,941000000.0
GLW,2021,2022-02-14,960000000.0,13257000000.0,2031000000.0,28898000000.0,8004000000.0,3767000000.0,,11503000000.0,4035000000.0,899000000.0
GLW,2022,2023-02-13,512000000.0,12333000000.0,2180000000.0,30775000000.0,7659000000.0,4806000000.0,,11303000000.0,3531000000.0,772000000.0
GLW,2023,2024-02-12,1906000000.0,12008000000.0,3412000000.0,30154000000.0,7453000000.0,5175000000.0,,14082000000.0,5063000000.0,844000000.0
GLW,2024,2025-02-13,1316000000.0,11551000000.0,2615000000.0,29499000000.0,7212000000.0,4319000000.0,,14189000000.0,4506000000.0,857000000.0
GLW,2025,2026-02-12,581000000.0,10686000000.0,2005000000.0,28500000000.0,7992000000.0,4919000000.0,,12588000000.0,3931000000.0,859000000.0
GM,2013,2014-02-06,9190000000.0,36244000000.0,,144603000000.0,69996000000.0,53992000000.0,,150276000000.0,,1668000000.0
GM,2014,2015-02-04,6188000000.0,42607000000.0,,149422000000.0,81501000000.0,62412000000.0,,152256000000.0,,1675000000.0
GM,2015,2016-02-03,5346000000.0,35457000000.0,,166231000000.0,83626000000.0,65657000000.0,,155427000000.0,,1676000000.0
GM,2016,2017-02-07,3949000000.0,39871000000.0,,177311000000.0,69408000000.0,71217000000.0,,155929000000.0,,1687000000.0
GM,2017,2018-02-06,9687000000.0,43836000000.0,11769000000.0,194338000000.0,76203000000.0,85181000000.0,,135725000000.0,,1640000000.0
GM,2018,2019-02-06,9427000000.0,35001000000.0,16607000000.0,221690000000.0,68744000000.0,76890000000.0,,149184000000.0,,1570000000.0
GM,2019,2020-02-05,-3864000000.0,38860000000.0,17328000000.0,212482000000.0,75293000000.0,82237000000.0,,145588000000.0,,1492000000.0
GM,2020,2021-02-10,8014000000.0,41792000000.0,15256000000.0,227339000000.0,74992000000.0,84905000000.0,,147049000000.0,,1431000000.0
GM,2021,2022-02-02,6732000000.0,45030000000.0,15021000000.0,228037000000.0,80924000000.0,79910000000.0,,137237000000.0,,1439000000.0
GM,2022,2023-01-31,6427000000.0,59744000000.0,16670000000.0,235194000000.0,82103000000.0,74408000000.0,,122485000000.0,,1442000000.0
GM,2023,2024-01-30,10019000000.0,67792000000.0,15188000000.0,244718000000.0,100451000000.0,91173000000.0,,127004000000.0,,1468000000.0
GM,2024,2025-01-28,9934000000.0,64286000000.0,16043000000.0,264037000000.0,101618000000.0,94445000000.0,,156735000000.0,,1454000000.0
GM,2025,2026-01-27,10127000000.0,63072000000.0,20930000000.0,273064000000.0,108545000000.0,96265000000.0,,171842000000.0,,1369000000.0
GOOG,2024,2025-02-05,59972000000.0,251635000000.0,91495000000.0,402392000000.0,171530000000.0,81814000000.0,11870000000.0,,,13159000000.0
GOOG,2025,2026-02-05,73795000000.0,256144000000.0,101746000000.0,450256000000.0,163711000000.0,89122000000.0,10883000000.0,307394000000.0,,12722000000.0
GS,2009,2010-03-01,11599000000.0,42800000000.0,,884547000000.0,,,,,,461200000.0
GS,2010,2011-03-01,2322000000.0,64369000000.0,,884547000000.0,,,196288000000.0,,,456200000.0
GS,2011,2012-02-28,13385000000.0,70714000000.0,,848942000000.0,,,188247000000.0,,,550900000.0
GS,2012,2013-03-01,8354000000.0,77356000000.0,,911332000000.0,,,181724000000.0,,,585300000.0
GS,2013,2014-02-28,4442000000.0,70379000000.0,,923225000000.0,,,176270000000.0,,,556900000.0
GS,2014,2015-02-23,7475000000.0,75716000000.0,,938555000000.0,,,168489000000.0,,,516100000.0
GS,2015,2016-02-22,8040000000.0,78467000000.0,,911124000000.0,,,174551000000.0,,,499600000.0
GS,2016,2017-02-27,8477000000.0,82797000000.0,,855842000000.0,,,185942000000.0,,,473200000.0
GS,2017,2018-02-26,6083000000.0,86728000000.0,,861395000000.0,,,197491000000.0,,,458600000.0
GS,2018,2019-02-26,7398000000.0,86893000000.0,6494000000.0,916776000000.0,,,227579000000.0,,,435100000.0
GS,2019,2020-02-21,4286000000.0,82243000000.0,-20489000000.0,931796000000.0,,,,,,409100000.0
GS,2020,2021-02-22,10459000000.0,90185000000.0,16564000000.0,992968000000.0,,,,,,390200000.0
GS,2021,2022-02-25,8466000000.0,90265000000.0,23868000000.0,1163028000000.0,,,,,,375500000.0
GS,2022,2023-02-24,9459000000.0,95932000000.0,-18535000000.0,1463988000000.0,,,,,,360300000.0
GS,2023,2024-02-23,21635000000.0,109926000000.0,6298000000.0,1441799000000.0,,,,,,355800000.0
GS,2024,2025-02-27,11261000000.0,117189000000.0,8708000000.0,1641594000000.0,,,,,,358100000.0
GS,2025,2026-02-25,8516000000.0,116905000000.0,-12587000000.0,1675972000000.0,,,,,,345800000.0
HD,2009,2010-03-25,4395000000.0,25030000000.0,5727000000.0,41164000000.0,13362000000.0,11153000000.0,,77349000000.0,25997000000.0,1856000000.0
HD,2010,2011-03-24,2260000000.0,17714000000.0,5528000000.0,40877000000.0,13900000000.0,10363000000.0,8662000000.0,,23990000000.0,1686000000.0
HD,2011,2012-03-22,2661000000.0,17777000000.0,,40125000000.0,13479000000.0,10122000000.0,,,22412000000.0,1692000000.0
HD,2012,2013-03-28,3338000000.0,19393000000.0,4585000000.0,40518000000.0,14520000000.0,9376000000.0,,,23304000000.0,1658000000.0
HD,2013,2014-03-27,3883000000.0,18889000000.0,6651000000.0,41084000000.0,15372000000.0,11462000000.0,,,24262000000.0,1570000000.0
HD,2014,2015-03-26,4535000000.0,17898000000.0,6975000000.0,40518000000.0,15279000000.0,10749000000.0,,,25842000000.0,1511000000.0
HD,2015,2016-03-24,5385000000.0,17777000000.0,7628000000.0,39946000000.0,15302000000.0,11269000000.0,,,26915000000.0,1434000000.0
HD,2016,2017-03-23,6345000000.0,12522000000.0,8242000000.0,41973000000.0,16484000000.0,12524000000.0,,,28389000000.0,1346000000.0
HD,2017,2018-03-22,7009000000.0,6316000000.0,9373000000.0,42966000000.0,17724000000.0,14133000000.0,,,30265000000.0,1283000000.0
HD,2018,2019-03-28,7957000000.0,4333000000.0,9783000000.0,44529000000.0,18933000000.0,16194000000.0,,,32313000000.0,1234000000.0
HD,2019,2020-03-25,8630000000.0,1454000000.0,12031000000.0,44003000000.0,18529000000.0,16716000000.0,,,34356000000.0,1184000000.0
HD,2020,2021-03-24,11121000000.0,-1878000000.0,13165000000.0,51236000000.0,19810000000.0,18375000000.0,,,37160000000.0,1143000000.0
HD,2021,2022-03-23,11242000000.0,-3116000000.0,13687000000.0,70581000000.0,28477000000.0,23166000000.0,,,37572000000.0,1097000000.0
HD,2022,2023-03-15,12866000000.0,3299000000.0,18839000000.0,71876000000.0,29055000000.0,28693000000.0,,,44853000000.0,1078000000.0
HD,2023,2024-03-13,16433000000.0,-1696000000.0,16571000000.0,76445000000.0,32471000000.0,23110000000.0,,,50832000000.0,1058000000.0
HD,2024,2025-03-21,17105000000.0,1562000000.0,14615000000.0,76530000000.0,29775000000.0,22015000000.0,,,52778000000.0,1025000000.0
HD,2025,2026-03-18,15143000000.0,1044000000.0,21172000000.0,96119000000.0,31683000000.0,28661000000.0,,,50960000000.0,1002000000.0
HEI,2010,2010-12-22,48511000.0,412990000.0,73162000.0,732910000.0,243577000.0,65513000.0,55194000.0,,,34054195.0
HEI,2011,2011-12-22,44626000.0,469112000.0,75817000.0,732910000.0,259249000.0,81832000.0,,,,42225049.0
HEI,2012,2012-12-20,54938000.0,529071000.0,101717000.0,781643000.0,316638000.0,123390000.0,,,,52767000.0
HEI,2013,2013-12-19,72820000.0,616673000.0,,941069000.0,367911000.0,131514000.0,,,,66408000.0
HEI,2014,2014-12-18,85147000.0,606346000.0,,1192846000.0,441472000.0,161286000.0,,,,66624000.0
HEI,2015,2015-12-17,102396000.0,699484000.0,,1533015000.0,431293000.0,152220000.0,,,,66982000.0
HEI,2016,2016-12-15,121293000.0,809863000.0,,1489214000.0,503612000.0,168387000.0,,,,67453000.0
HEI,2017,2017-12-21,133364000.0,963379000.0,172863000.0,1700857000.0,543158000.0,214421000.0,,,,84764000.0
HEI,2018,2018-12-20,156192000.0,1161080000.0,259713000.0,1998412000.0,631892000.0,249437000.0,,1376258000.0,,133145000.0
HEI,2019,2019-12-19,185985000.0,1398251000.0,288285000.0,2653396000.0,733808000.0,282429000.0,,1524813000.0,,135588000.0
HEI,2020,2020-12-23,259233000.0,1666542000.0,328487000.0,2969211000.0,813731000.0,289138000.0,,1777721000.0,,136696000.0
HEI,2021,2021-12-21,327896000.0,1980177000.0,437378000.0,3547711000.0,1165625000.0,241161000.0,,2055647000.0,,137350000.0
HEI,2022,2022-12-21,313984000.0,2263071000.0,409125000.0,3498407000.0,937385000.0,294880000.0,,1787009000.0,,137302000.0
HEI,2023,2023-12-20,304220000.0,2606136000.0,444084000.0,4095496000.0,1152730000.0,420859000.0,,1865682000.0,,137854000.0
HEI,2024,2024-12-19,351675000.0,3145995000.0,467856000.0,7195063000.0,1855342000.0,665342000.0,,2208322000.0,,138037000.0
HEI,2025,2025-12-22,403596000.0,3636877000.0,448735000.0,7592822000.0,2062292000.0,663851000.0,,2968105000.0,,138905000.0
HII,2011,2012-03-29,124000000.0,961000000.0,-88000000.0,5203000000.0,1313000000.0,2226000000.0,105000000.0,,,48800000.0
HII,2012,2013-02-27,131000000.0,1433000000.0,359000000.0,5240000000.0,2268000000.0,1372000000.0,1830000000.0,,,48800000.0
HII,2013,2014-02-27,-100000000.0,1407000000.0,528000000.0,6069000000.0,2484000000.0,1384000000.0,1779000000.0,,,48800000.0
HII,2014,2015-02-19,146000000.0,859000000.0,332000000.0,6392000000.0,2676000000.0,1392000000.0,1700000000.0,,,50100000.0
HII,2015,2016-02-18,261000000.0,667000000.0,236000000.0,6190000000.0,2417000000.0,1312000000.0,1562000000.0,,,50400000.0
HII,2016,2017-02-16,338000000.0,1521000000.0,755000000.0,6239000000.0,2284000000.0,1274000000.0,1273000000.0,,,49300000.0
HII,2017,2018-02-15,404000000.0,1365000000.0,861000000.0,6024000000.0,2142000000.0,1343000000.0,1278000000.0,,,48300000.0
HII,2018,2019-02-14,573000000.0,1490000000.0,822000000.0,6352000000.0,2195000000.0,1391000000.0,1279000000.0,7068000000.0,,47200000.0
HII,2019,2020-02-13,479000000.0,1653000000.0,814000000.0,6374000000.0,1745000000.0,1829000000.0,1283000000.0,7441000000.0,,45800000.0
HII,2020,2021-02-11,836000000.0,1758000000.0,914000000.0,6383000000.0,1785000000.0,1890000000.0,1286000000.0,8176000000.0,,43800000.0
HII,2021,2022-02-10,549000000.0,1516000000.0,896000000.0,7031000000.0,2444000000.0,2226000000.0,1686000000.0,8899000000.0,,41400000.0
HII,2022,2023-02-09,696000000.0,1588000000.0,1093000000.0,8157000000.0,2790000000.0,2427000000.0,3298000000.0,9361000000.0,,40600000.0
HII,2023,2024-02-01,544000000.0,1901000000.0,760000000.0,10627000000.0,2746000000.0,2895000000.0,2506000000.0,9524000000.0,,40300000.0
HII,2024,2025-02-06,579000000.0,2808000000.0,766000000.0,11215000000.0,2880000000.0,3032000000.0,,10676000000.0,,40100000.0
HII,2025,2026-02-05,681000000.0,3489000000.0,970000000.0,12141000000.0,3228000000.0,2991000000.0,,11454000000.0,,39900000.0
HON,2010,2011-02-11,806000000.0,8861000000.0,3791000000.0,,13936000000.0,11147000000.0,7264000000.0,36556000000.0,6896000000.0,743600000.0
HON,2011,2012-02-17,1548000000.0,10666000000.0,3946000000.0,35993000000.0,15486000000.0,11724000000.0,6278000000.0,29951000000.0,7629000000.0,755700000.0
HON,2012,2013-02-15,2022000000.0,10806000000.0,4203000000.0,37834000000.0,16134000000.0,12275000000.0,6896000000.0,,7973000000.0,780900000.0
HON,2013,2014-02-14,2067000000.0,12975000000.0,2833000000.0,39808000000.0,17598000000.0,13045000000.0,7020000000.0,,9374000000.0,791600000.0
HON,2014,2015-02-13,2926000000.0,17467000000.0,,41853000000.0,21164000000.0,14181000000.0,7433000000.0,,10691000000.0,791900000.0
HON,2015,2016-02-12,3924000000.0,17657000000.0,,45435000000.0,22191000000.0,14773000000.0,6985000000.0,,11349000000.0,797300000.0
HON,2016,2017-02-10,4239000000.0,18283000000.0,,45451000000.0,20053000000.0,18371000000.0,6131000000.0,,11834000000.0,795200000.0
HON,2017,2018-02-09,4768000000.0,19369000000.0,5519000000.0,49316000000.0,23058000000.0,16331000000.0,12409000000.0,,12152000000.0,789300000.0
HON,2018,2019-02-08,4812000000.0,16502000000.0,5498000000.0,54566000000.0,26002000000.0,18861000000.0,13924000000.0,,12390000000.0,775300000.0
HON,2019,2020-02-14,1545000000.0,18180000000.0,5966000000.0,59470000000.0,24362000000.0,18924000000.0,12628000000.0,,12756000000.0,772100000.0
HON,2020,2021-02-12,6765000000.0,18494000000.0,6434000000.0,57773000000.0,24303000000.0,18098000000.0,12486000000.0,,12370000000.0,753000000.0
HON,2022,2023-02-10,4779000000.0,18569000000.0,6208000000.0,64586000000.0,25372000000.0,19508000000.0,16057000000.0,,,711200000.0
HON,2023,2024-02-16,5542000000.0,16697000000.0,6038000000.0,62275000000.0,24982000000.0,19938000000.0,16853000000.0,,,700400000.0
HON,2024,2025-02-14,4966000000.0,15856000000.0,5274000000.0,61525000000.0,23502000000.0,18539000000.0,27265000000.0,,,683100000.0
HON,2025,2026-02-17,5658000000.0,18619000000.0,5340000000.0,75196000000.0,27908000000.0,21256000000.0,29046000000.0,,,668200000.0
HOOD,2021,2022-02-24,-106569000.0,-21482000.0,1260085000.0,10988474000.0,10872584000.0,8816045000.0,,277533000.0,,221664610.0
HOOD,2022,2023-02-27,7000000.0,-97000000.0,1876000000.0,19769000000.0,19283000000.0,12347000000.0,,958000000.0,,244997388.0
HOOD,2023,2024-02-27,-3687000000.0,-55000000.0,-885000000.0,23337000000.0,22917000000.0,16253000000.0,,1815000000.0,,492381190.0
HOOD,2024,2025-02-18,-1028000000.0,7293000000.0,-852000000.0,17624000000.0,17082000000.0,10837000000.0,,1358000000.0,,878630024.0
HOOD,2025,2026-02-18,-541000000.0,,1181000000.0,26187000000.0,25103000000.0,18104000000.0,,1865000000.0,,890857659.0
HPE,2015,2015-12-17,2051000000.0,36776000000.0,,65071000000.0,22031000000.0,19760000000.0,,57371000000.0,,1834000000.0
HPE,2016,2016-12-15,1648000000.0,33535000000.0,6911000000.0,79916000000.0,29964000000.0,21993000000.0,,55123000000.0,,1834000000.0
HPE,2017,2017-12-15,2461000000.0,31448000000.0,3661000000.0,79629000000.0,28917000000.0,22529000000.0,,31077000000.0,,1834000000.0
HPE,2018,2018-12-12,3161000000.0,23466000000.0,5056000000.0,61406000000.0,21444000000.0,18924000000.0,,30280000000.0,,1739000000.0
HPE,2019,2019-12-13,344000000.0,21239000000.0,1335000000.0,55493000000.0,17272000000.0,17198000000.0,,28871000000.0,,1674000000.0
HPE,2020,2020-12-10,1908000000.0,17098000000.0,2964000000.0,51803000000.0,15143000000.0,19159000000.0,14797000000.0,30852000000.0,,1553000000.0
HPE,2021,2021-12-10,1049000000.0,16049000000.0,3997000000.0,54015000000.0,16556000000.0,18738000000.0,12457000000.0,29135000000.0,,1366000000.0
HPE,2022,2022-12-08,-322000000.0,19971000000.0,2240000000.0,57699000000.0,18878000000.0,20687000000.0,11943000000.0,26982000000.0,,1294000000.0
HPE,2023,2023-12-22,3427000000.0,19864000000.0,5871000000.0,57123000000.0,20506000000.0,23174000000.0,11694000000.0,27784000000.0,,1330000000.0
HPE,2024,2024-12-19,868000000.0,21182000000.0,4593000000.0,57153000000.0,18948000000.0,21882000000.0,17660000000.0,28496000000.0,,1322000000.0
HPE,2025,2025-12-18,2025000000.0,24816000000.0,4428000000.0,71262000000.0,33457000000.0,25973000000.0,17660000000.0,29135000000.0,,1316000000.0
HUM,2010,2011-02-18,647154000.0,4028937000.0,982310000.0,14153494000.0,9252816000.0,5259992000.0,1678166000.0,28946372000.0,,169187000.0
HUM,2011,2012-02-24,1040000000.0,4457000000.0,1422000000.0,16103000000.0,10137000000.0,5744000000.0,1669000000.0,30743000000.0,,169071000.0
HUM,2012,2013-02-22,1099000000.0,5776000000.0,2242000000.0,17708000000.0,11181000000.0,6056000000.0,1659000000.0,33596000000.0,,169798000.0
HUM,2013,2014-02-19,1419000000.0,6924000000.0,2079000000.0,19979000000.0,11710000000.0,6375000000.0,2611000000.0,36832000000.0,,167827000.0
HUM,2014,2015-02-18,1222000000.0,8063000000.0,1923000000.0,20735000000.0,12300000000.0,6323000000.0,2600000000.0,39126000000.0,,163457000.0
HUM,2015,2016-02-18,1231000000.0,8847000000.0,1716000000.0,23527000000.0,15536000000.0,7471000000.0,3825000000.0,41313000000.0,,159151000.0
HUM,2016,2017-02-17,1147000000.0,9316000000.0,1618000000.0,24678000000.0,15711000000.0,8152000000.0,3794000000.0,48500000000.0,,155874000.0
HUM,2017,2018-02-16,1276000000.0,9646000000.0,868000000.0,25396000000.0,16190000000.0,7822000000.0,3792000000.0,54289000000.0,,151142000.0
HUM,2018,2019-02-21,614000000.0,10346000000.0,1936000000.0,27178000000.0,17402000000.0,9406000000.0,4770000000.0,54379000000.0,,150917000.0
HUM,2019,2020-02-20,2448000000.0,10685000000.0,4051000000.0,25413000000.0,16948000000.0,10077000000.0,4375000000.0,53767000000.0,,145585000.0
HUM,2020,2021-02-18,1683000000.0,9842000000.0,2173000000.0,29074000000.0,19888000000.0,10929000000.0,4967000000.0,56912000000.0,,138403000.0
HUM,2021,2022-02-17,2707000000.0,,5284000000.0,34969000000.0,23641000000.0,13394000000.0,6060000000.0,64888000000.0,,134727000.0
HUM,2022,2023-02-16,3367000000.0,16080000000.0,5639000000.0,44358000000.0,24893000000.0,15331000000.0,10541000000.0,77155000000.0,,133012000.0
HUM,2023,2024-02-15,2933000000.0,15311000000.0,2262000000.0,43055000000.0,26183000000.0,17178000000.0,9034000000.0,83064000000.0,,129396000.0
HUM,2024,2025-02-20,2806000000.0,16262000000.0,4587000000.0,47065000000.0,29986000000.0,18872000000.0,10213000000.0,92870000000.0,,127094000.0
HUM,2025,2026-02-19,2489000000.0,16375000000.0,3981000000.0,46479000000.0,29815000000.0,16939000000.0,11144000000.0,106374000000.0,,124441000.0
HWM,2010,2011-02-17,-74000000.0,12420000000.0,1234000000.0,38472000000.0,7022000000.0,5414000000.0,8974000000.0,,,813000000.0
HWM,2011,2012-02-16,-1151000000.0,13611000000.0,1365000000.0,39293000000.0,6919000000.0,5251000000.0,8842000000.0,,,935000000.0
HWM,2012,2013-02-15,254000000.0,13844000000.0,2261000000.0,40120000000.0,7713000000.0,6013000000.0,8640000000.0,,,1025000000.0
HWM,2013,2014-02-13,611000000.0,13199000000.0,2193000000.0,40179000000.0,7700000000.0,5942000000.0,8311000000.0,,,1161000000.0
HWM,2014,2015-02-19,191000000.0,10593000000.0,1497000000.0,35742000000.0,6969000000.0,6105000000.0,7607000000.0,,,1076000000.0
HWM,2015,2016-02-19,-2285000000.0,12306000000.0,1578000000.0,37363000000.0,7848000000.0,5458000000.0,8769000000.0,,,1070000000.0
HWM,2016,2017-02-28,268000000.0,12046000000.0,1674000000.0,36477000000.0,7953000000.0,5211000000.0,8786000000.0,,,393000000.0
HWM,2017,2018-02-26,-322000000.0,5115000000.0,1582000000.0,20038000000.0,5892000000.0,2749000000.0,8044000000.0,,,420000000.0
HWM,2018,2019-02-21,-941000000.0,4910000000.0,95000000.0,18718000000.0,6378000000.0,2824000000.0,6806000000.0,12394000000.0,,438000000.0
HWM,2019,2020-02-27,-74000000.0,5573000000.0,-39000000.0,18693000000.0,6581000000.0,3520000000.0,5896000000.0,12960000000.0,,451000000.0
HWM,2020,2021-02-16,642000000.0,4591000000.0,217000000.0,17562000000.0,5843000000.0,4125000000.0,4906000000.0,6778000000.0,,503000000.0
HWM,2021,2022-02-14,470000000.0,3577000000.0,461000000.0,11443000000.0,3672000000.0,1660000000.0,4699000000.0,7098000000.0,,463000000.0
HWM,2022,2023-02-14,261000000.0,3508000000.0,9000000.0,10219000000.0,2737000000.0,1253000000.0,4227000000.0,5259000000.0,,439000000.0
HWM,2023,2024-02-13,258000000.0,3577000000.0,449000000.0,10255000000.0,3143000000.0,1482000000.0,4162000000.0,4972000000.0,,435000000.0
HWM,2024,2025-02-14,469000000.0,3508000000.0,733000000.0,10428000000.0,3316000000.0,1784000000.0,3500000000.0,5663000000.0,,421000000.0
HWM,2025,2026-02-12,765000000.0,3601000000.0,901000000.0,10519000000.0,3362000000.0,1549000000.0,3309000000.0,6640000000.0,,416000000.0
IBM,2017,2018-02-27,13190000000.0,18246000000.0,17255000000.0,110495000000.0,43888000000.0,36275000000.0,34655000000.0,81741000000.0,40684000000.0,982700267.0
IBM,2018,2019-02-26,11872000000.0,17594000000.0,17084000000.0,117470000000.0,49735000000.0,37363000000.0,39837000000.0,79919000000.0,38516000000.0,958714097.0
IBM,2019,2020-02-25,5753000000.0,16796000000.0,16724000000.0,125356000000.0,49146000000.0,38227000000.0,,79139000000.0,36943000000.0,937385625.0
IBM,2020,2021-02-23,8728000000.0,20841000000.0,15247000000.0,123382000000.0,38420000000.0,37701000000.0,54102000000.0,79591000000.0,36936000000.0,916315714.0
IBM,2021,2022-02-22,9431000000.0,20597000000.0,14770000000.0,152186000000.0,39165000000.0,39869000000.0,54217000000.0,57714000000.0,31533000000.0,892813376.0
IBM,2022,2023-02-28,5590000000.0,18901000000.0,18197000000.0,155971000000.0,29539000000.0,33619000000.0,44917000000.0,55179000000.0,30865000000.0,896563971.0
IBM,2023,2024-02-26,5743000000.0,21944000000.0,12796000000.0,127243000000.0,29118000000.0,31505000000.0,46189000000.0,57350000000.0,31486000000.0,904641001.0
IBM,2024,2025-02-25,1639000000.0,22533000000.0,10435000000.0,135241000000.0,32908000000.0,34122000000.0,50121000000.0,60530000000.0,32687000000.0,912269062.0
IBM,2025,2026-02-24,7502000000.0,27307000000.0,13931000000.0,137175000000.0,34482000000.0,33142000000.0,49884000000.0,61860000000.0,34300000000.0,922073828.0
INOD,2011,2012-02-28,7313000.0,29262000.0,12095000.0,52247000.0,36807000.0,10719000.0,1604000.0,76711000.0,,25764000.0
INOD,2012,2013-03-15,-747000.0,40985000.0,4858000.0,59397000.0,43841000.0,15693000.0,2944000.0,61513000.0,,25360.0
INOD,2013,2014-03-14,4471000.0,39438000.0,,66181000.0,46498000.0,13714000.0,3374000.0,73942000.0,,25103000.0
INOD,2014,2015-03-13,7473000.0,41168000.0,,49997000.0,38580000.0,9736000.0,3747000.0,86591000.0,,26232000.0
INOD,2015,2016-03-14,-10632000.0,50509000.0,,54861000.0,37935000.0,12168000.0,5540000.0,64249000.0,,24997000.0
INOD,2016,2017-03-15,-974000.0,39973000.0,,51237000.0,37057000.0,12304000.0,3436000.0,59076000.0,,25232000.0
INOD,2017,2018-03-22,-5524000.0,38212000.0,-2735000.0,47588000.0,27248000.0,12841000.0,3917000.0,63074000.0,,25542000.0
INOD,2018,2019-03-26,-5055000.0,33784000.0,639000.0,47871000.0,25328000.0,15599000.0,4477000.0,60929000.0,,25816000.0
INOD,2019,2020-03-16,-253000.0,30622000.0,3567000.0,44940000.0,26162000.0,13895000.0,4062000.0,57418000.0,,25878000.0
INOD,2020,2021-03-15,-2142000.0,29575000.0,4280000.0,49497000.0,24004000.0,15754000.0,4534000.0,55858000.0,,25774000.0
INOD,2021,2022-03-24,617000.0,29640000.0,5660000.0,57254000.0,31861000.0,18346000.0,6282000.0,58240000.0,,25573000.0
INOD,2022,2023-02-24,-1673000.0,29640000.0,5151000.0,59217000.0,33962000.0,21304000.0,6217000.0,69755000.0,,26630000.0
INOD,2023,2024-03-04,-11935000.0,29927000.0,-1216000.0,48042000.0,23685000.0,20816000.0,,79001000.0,,27278.0
INOD,2024,2025-02-24,-908000.0,18773000.0,5903000.0,59431000.0,32077000.0,22935000.0,,,31293000.0,28131000.0
INOD,2025,2026-02-26,28660000.0,63472000.0,34864000.0,113449000.0,81000000.0,39506000.0,,,67074000.0,32177000.0
INTC,2009,2010-02-22,6976000000.0,37210000000.0,12625000000.0,50472000000.0,19871000000.0,7818000000.0,1185000000.0,,19904000000.0,5936000000.0
INTC,2010,2011-02-18,5292000000.0,43220000000.0,10926000000.0,53095000000.0,21157000000.0,7591000000.0,2049000000.0,,20844000000.0,5748000000.0
INTC,2011,2012-02-23,4369000000.0,39546000000.0,11170000000.0,63186000000.0,31611000000.0,9327000000.0,2077000000.0,,19561000000.0,5645000000.0
INTC,2012,2013-02-19,11464000000.0,41704000000.0,16692000000.0,71119000000.0,25872000000.0,12028000000.0,7084000000.0,,28491000000.0,5696000000.0
INTC,2013,2014-02-14,12942000000.0,49430000000.0,,84351000000.0,31358000000.0,12898000000.0,13136000000.0,,33757000000.0,5411000000.0
INTC,2014,2015-02-13,11005000000.0,45911000000.0,,92358000000.0,32084000000.0,13568000000.0,13165000000.0,,33151000000.0,5160000000.0
INTC,2015,2016-02-12,9620000000.0,51203000000.0,,91900000000.0,27730000000.0,16011000000.0,12059000000.0,,31521000000.0,5097000000.0
INTC,2016,2017-02-17,11704000000.0,58256000000.0,,101459000000.0,38320000000.0,15646000000.0,20036000000.0,,35609000000.0,5056000000.0
INTC,2017,2018-02-16,11420000000.0,55865000000.0,,113327000000.0,35508000000.0,20302000000.0,20649000000.0,,34679000000.0,4894000000.0
INTC,2018,2019-02-01,10316000000.0,61085000000.0,,123249000000.0,29500000000.0,17421000000.0,25037000000.0,59387000000.0,36233000000.0,4875000000.0
INTC,2019,2020-01-24,9601000000.0,66226000000.0,22110000000.0,127963000000.0,28787000000.0,16626000000.0,25098000000.0,62761000000.0,39098000000.0,4835000000.0
INTC,2020,2021-01-22,21053000000.0,69653000000.0,29432000000.0,136524000000.0,31239000000.0,22310000000.0,25308000000.0,70848000000.0,43737000000.0,4701000000.0
INTC,2021,2022-01-27,21048000000.0,74563000000.0,33145000000.0,153091000000.0,47249000000.0,24754000000.0,33897000000.0,71965000000.0,42140000000.0,4473000000.0
INTC,2022,2023-01-27,20899000000.0,95391000000.0,35864000000.0,168406000000.0,58558000000.0,27462000000.0,33510000000.0,77867000000.0,43612000000.0,4232000000.0
INTC,2023,2024-01-26,19868000000.0,101423000000.0,29456000000.0,182103000000.0,50407000000.0,32155000000.0,37684000000.0,79024000000.0,43815000000.0,4090000000.0
INTC,2024,2025-01-31,8014000000.0,105590000000.0,15433000000.0,191572000000.0,43269000000.0,28053000000.0,46978000000.0,63054000000.0,26866000000.0,4123000000.0
INTC,2025,2026-01-23,1689000000.0,99270000000.0,11471000000.0,196485000000.0,47324000000.0,35666000000.0,46282000000.0,54228000000.0,21711000000.0,4212000000.0
IONQ,2022,2023-03-30,-106186000.0,53703000.0,-26537000.0,642028000.0,529617000.0,9691000.0,,1235000000.0,,137609620.0
IONQ,2023,2024-02-28,-48511000.0,591230000.0,-44698000.0,597992000.0,371628000.0,20160000.0,,,,197727642.0
IONQ,2024,2025-02-26,-48511000.0,591230000.0,-44698000.0,553580000.0,389989000.0,37164000.0,,,,197727642.0
IONQ,2025,2026-02-25,-157771000.0,383862000.0,-78811000.0,508388000.0,378802000.0,36085000.0,,,,202576492.0
IOT,2023,2023-03-21,-210208000.0,-340962000.0,-171769000.0,1567929000.0,1100167000.0,338279000.0,,249905000.0,174512000.0,239281696.0
IOT,2024,2024-03-26,-355024000.0,-532803000.0,-171481000.0,1617008000.0,957535000.0,442158000.0,,428345000.0,303861000.0,277543471.0
IOT,2025,2025-03-25,-247422000.0,988947000.0,-103021000.0,1734845000.0,886958000.0,591816000.0,,652545000.0,469889000.0,514279230.0
IOT,2026,2026-03-16,-286726000.0,938019000.0,-11815000.0,2024302000.0,1212274000.0,761346000.0,,937385000.0,690353000.0,534878501.0
IREN,2025,2025-08-28,-171827000.0,437405000.0,5729000.0,1152819000.0,452385000.0,51072000.0,,75509000.0,,54775771.0
JBLU,2011,2012-02-28,61000000.0,1654000000.0,486000000.0,6593000000.0,1360000000.0,1093000000.0,2904000000.0,,,332063000.0
JBLU,2012,2013-02-21,97000000.0,1757000000.0,523000000.0,7071000000.0,1628000000.0,1412000000.0,2927000000.0,,,346580000.0
JBLU,2013,2014-02-19,86000000.0,1888000000.0,614000000.0,7070000000.0,1100000000.0,1608000000.0,2738000000.0,,,346467000.0
JBLU,2014,2015-02-12,128000000.0,2134000000.0,698000000.0,7350000000.0,1056000000.0,1874000000.0,2480000000.0,,,344100000.0
JBLU,2015,2016-02-17,168000000.0,2529000000.0,758000000.0,7839000000.0,1200000000.0,1936000000.0,2063000000.0,,,343500000.0
JBLU,2016,2017-02-17,401000000.0,3210000000.0,912000000.0,8644000000.0,1373000000.0,2275000000.0,1688000000.0,,,343300000.0
JBLU,2017,2018-02-16,677000000.0,4013000000.0,1598000000.0,9323000000.0,1403000000.0,2214000000.0,1244000000.0,,,344800000.0
JBLU,2018,2019-02-21,727000000.0,4732000000.0,1632000000.0,9781000000.0,1206000000.0,2146000000.0,1075000000.0,6584000000.0,,342200000.0
JBLU,2019,2020-02-18,1140000000.0,4685000000.0,1379000000.0,10959000000.0,1388000000.0,2525000000.0,1563000000.0,7012000000.0,,330400000.0
JBLU,2020,2021-03-02,189000000.0,4799000000.0,1200000000.0,11918000000.0,1786000000.0,2663000000.0,2245000000.0,7658000000.0,,314500000.0
JBLU,2021,2022-02-22,569000000.0,3951000000.0,1449000000.0,13406000000.0,3345000000.0,2674000000.0,,8094000000.0,,298400000.0
JBLU,2022,2023-02-27,-1354000000.0,4799000000.0,-683000000.0,13642000000.0,3245000000.0,3417000000.0,,2957000000.0,,277500000.0
JBLU,2023,2024-02-12,-182000000.0,3951000000.0,1642000000.0,13045000000.0,1916000000.0,3748000000.0,,6037000000.0,,318000000.0
JBLU,2024,2025-02-14,-362000000.0,3849000000.0,379000000.0,13853000000.0,2160000000.0,3628000000.0,,9158000000.0,,323600000.0
JBLU,2025,2026-02-12,-310000000.0,3563000000.0,400000000.0,16841000000.0,4258000000.0,3881000000.0,,9615000000.0,,332900000.0
JNJ,2012,2013-02-22,13334000000.0,50588000000.0,16385000000.0,102908000000.0,54316000000.0,22811000000.0,12969000000.0,,42795000000.0,2788800000.0
JNJ,2013,2014-02-21,9672000000.0,56579000000.0,14298000000.0,113644000000.0,46116000000.0,24262000000.0,11489000000.0,,44670000000.0,2775300000.0
JNJ,2014,2015-02-24,10853000000.0,57080000000.0,15396000000.0,121347000000.0,56407000000.0,25675000000.0,13328000000.0,,45566000000.0,2812600000.0
JNJ,2015,2016-02-24,13831000000.0,64826000000.0,17414000000.0,130358000000.0,55744000000.0,25031000000.0,15122000000.0,,48970000000.0,2877000000.0
JNJ,2016,2017-02-27,16323000000.0,74053000000.0,18710000000.0,133411000000.0,60210000000.0,27747000000.0,12857000000.0,,51585000000.0,2863900000.0
JNJ,2017,2018-02-21,15409000000.0,69752000000.0,19569000000.0,141208000000.0,65032000000.0,26287000000.0,22442000000.0,,48538000000.0,2812900000.0
JNJ,2018,2019-02-20,16540000000.0,71150000000.0,18767000000.0,157303000000.0,43088000000.0,30537000000.0,30675000000.0,71890000000.0,50101000000.0,2788900000.0
JNJ,2019,2020-02-18,1300000000.0,70418000000.0,21056000000.0,152954000000.0,46033000000.0,31230000000.0,27684000000.0,76450000000.0,51011000000.0,2745300000.0
JNJ,2020,2021-02-22,15297000000.0,60160000000.0,22201000000.0,157728000000.0,45274000000.0,35964000000.0,26494000000.0,81581000000.0,54490000000.0,2728700000.0
JNJ,2021,2022-02-17,15119000000.0,59752000000.0,23416000000.0,174894000000.0,51237000000.0,42493000000.0,32635000000.0,82059000000.0,54503000000.0,2684300000.0
JNJ,2022,2023-02-16,14714000000.0,59471000000.0,23536000000.0,182018000000.0,60979000000.0,45226000000.0,29985000000.0,82584000000.0,54157000000.0,2670700000.0
JNJ,2023,2024-02-16,20878000000.0,63278000000.0,23410000000.0,187378000000.0,55294000000.0,55802000000.0,26886000000.0,78740000000.0,55338000000.0,2674000000.0
JNJ,2024,2025-02-13,17941000000.0,74023000000.0,21194000000.0,167558000000.0,53495000000.0,46282000000.0,25881000000.0,79990000000.0,55394000000.0,2663900000.0
JNJ,2025,2026-02-11,35153000000.0,76804000000.0,22791000000.0,180104000000.0,55893000000.0,50321000000.0,30651000000.0,85159000000.0,58606000000.0,2560400000.0
JPM,2009,2010-02-24,15365000000.0,166884000000.0,-110560000000.0,2175052000000.0,,,270683000000.0,71372000000.0,,3445000000.0
JPM,2010,2011-02-28,5605000000.0,160845000000.0,23930000000.0,2119673000000.0,,,266318000000.0,67252000000.0,,3521800000.0
JPM,2011,2012-02-29,11728000000.0,160845000000.0,122797000000.0,2119673000000.0,,,270653000000.0,100434000000.0,,3879700000.0
JPM,2012,2013-02-28,17370000000.0,183573000000.0,-3752000000.0,2117605000000.0,,,256775000000.0,102694000000.0,,3976900000.0
JPM,2013,2014-02-20,18976000000.0,204069000000.0,95932000000.0,2265792000000.0,,,249024000000.0,97234000000.0,,3920300000.0
JPM,2014,2015-02-24,21284000000.0,211178000000.0,25079000000.0,2359141000000.0,,,,97031000000.0,,3822200000.0
JPM,2015,2016-02-23,17886000000.0,231727000000.0,107953000000.0,2414879000000.0,,,,97367000000.0,,3814900000.0
JPM,2016,2017-02-28,21745000000.0,231727000000.0,36593000000.0,2572274000000.0,,,,95112000000.0,,3797500000.0
JPM,2017,2018-02-27,24442000000.0,247573000000.0,73466000000.0,2351698000000.0,,,,93543000000.0,,3773600000.0
JPM,2018,2019-02-26,24733000000.0,254190000000.0,21884000000.0,2490972000000.0,,,,96569000000.0,,3690000000.0
JPM,2019,2020-02-25,24441000000.0,255693000000.0,-10827000000.0,2533600000000.0,,,,100705000000.0,,3576800000.0
JPM,2020,2021-02-23,32474000000.0,256515000000.0,15614000000.0,2622532000000.0,,,,108783000000.0,,3414000000.0
JPM,2021,2022-02-22,36431000000.0,261330000000.0,4092000000.0,2686477000000.0,,,,115720000000.0,,3230400000.0
JPM,2022,2023-02-21,29131000000.0,279354000000.0,-79910000000.0,3384757000000.0,,,,119951000000.0,,3087400000.0
JPM,2023,2024-02-16,48334000000.0,294127000000.0,78084000000.0,3743567000000.0,,,,121649000000.0,,3026600000.0
JPM,2024,2025-02-14,37676000000.0,292332000000.0,107119000000.0,3665743000000.0,,,,128695000000.0,,2970000000.0
JPM,2025,2026-02-13,49552000000.0,327878000000.0,12974000000.0,3875393000000.0,,,,158104000000.0,,2943100000.0
KLAC,2011,2011-08-05,-523368000.0,2981730000.0,195684000.0,3907056000.0,2835465000.0,771787000.0,,,,170253000.0
KLAC,2012,2012-08-06,212300000.0,2184392000.0,447800000.0,4675521000.0,3676010000.0,878861000.0,,,,173034000.0
KLAC,2013,2013-08-08,794488000.0,2246611000.0,823166000.0,5100308000.0,4164043000.0,862907000.0,,,,170352000.0
KLAC,2014,2014-08-08,756015000.0,2860893000.0,941617000.0,5287357000.0,4351503000.0,861532000.0,,,,170147000.0
KLAC,2015,2015-08-07,543149000.0,3315595000.0,913188000.0,5535846000.0,4586095000.0,895611000.0,745101000.0,,,169260000.0
KLAC,2016,2016-08-05,582755000.0,3482152000.0,778886000.0,4826012000.0,3904576000.0,1001763000.0,3173435000.0,,,168118000.0
KLAC,2017,2017-08-04,366158000.0,3669346000.0,605906000.0,4962432000.0,3868032000.0,1002423000.0,3057936000.0,,,163701000.0
KLAC,2018,2018-08-06,704422000.0,421439000.0,759696000.0,5532173000.0,4392066000.0,1293162000.0,2680474000.0,,,156779000.0
KLAC,2019,2019-08-16,926076000.0,1620511000.0,1079665000.0,5638619000.0,4549000000.0,1214270000.0,2237402000.0,3480014000.0,,157481000.0
KLAC,2020,2020-08-10,802265000.0,2659108000.0,1229120000.0,9008516000.0,4315075000.0,1768486000.0,3173383000.0,4036701000.0,,157378000.0
KLAC,2021,2021-08-06,1175617000.0,2665424000.0,1152632000.0,9279960000.0,4723545000.0,1699786000.0,,4568904000.0,,156949000.0
KLAC,2022,2022-08-05,1216785000.0,3377554000.0,1778850000.0,10271124000.0,5696248000.0,2103227000.0,,5806424000.0,,158005000.0
KLAC,2023,2023-08-04,2078292000.0,1401351000.0,2185026000.0,12597088000.0,7168911000.0,2871083000.0,,6918734000.0,,155437000.0
KLAC,2024,2024-08-05,3321807000.0,2919753000.0,3312702000.0,14072357000.0,8372032000.0,3742842000.0,,9211883000.0,,151555000.0
KLAC,2025,2025-08-08,3387277000.0,3368328000.0,3669805000.0,15433566000.0,10031144000.0,4660774000.0,,10496056000.0,,140235000.0
KLAC,2026,2026-08-06,2761896000.0,4692453000.0,3308575000.0,16067926000.0,10698789000.0,4085795000.0,,9812247000.0,,1361869000.0
KO,2009,2010-02-26,5981000000.0,20472000000.0,7150000000.0,40519000000.0,12176000000.0,12988000000.0,2781000000.0,,18451000000.0,2331000000.0
KO,2010,2011-02-28,5807000000.0,24799000000.0,7571000000.0,48671000000.0,17551000000.0,13721000000.0,5059000000.0,,20570000000.0,2336000000.0
KO,2011,2012-02-23,6824000000.0,24799000000.0,8186000000.0,72921000000.0,21579000000.0,18508000000.0,14041000000.0,,19902000000.0,2329000000.0
KO,2012,2013-02-27,11787000000.0,31003000000.0,9532000000.0,79974000000.0,25497000000.0,24283000000.0,13656000000.0,,22426000000.0,4667000000.0
KO,2013,2014-02-27,8584000000.0,32790000000.0,9474000000.0,86174000000.0,30328000000.0,27821000000.0,14736000000.0,,28327000000.0,4646000000.0
KO,2014,2015-02-25,9019000000.0,33173000000.0,10645000000.0,90055000000.0,31304000000.0,27811000000.0,19154000000.0,,28964000000.0,4584000000.0
KO,2015,2016-02-25,8584000000.0,30320000000.0,10542000000.0,92023000000.0,32986000000.0,32374000000.0,19063000000.0,,28433000000.0,4509000000.0
KO,2016,2017-02-24,7098000000.0,25554000000.0,10615000000.0,89996000000.0,33395000000.0,26929000000.0,28311000000.0,,28109000000.0,4450000000.0
KO,2017,2018-02-23,7351000000.0,23062000000.0,10528000000.0,87270000000.0,34010000000.0,26532000000.0,29684000000.0,,26812000000.0,4405000000.0
KO,2018,2019-02-21,6527000000.0,17072000000.0,8792000000.0,87896000000.0,36545000000.0,27194000000.0,31182000000.0,41863000000.0,25398000000.0,4367000000.0
KO,2019,2020-02-24,1248000000.0,16981000000.0,7041000000.0,83216000000.0,24930000000.0,28782000000.0,25376000000.0,36212000000.0,22491000000.0,4324000000.0
KO,2020,2021-02-25,6434000000.0,18981000000.0,7627000000.0,86381000000.0,20411000000.0,26973000000.0,27516000000.0,34300000000.0,21233000000.0,4299000000.0
KO,2021,2022-02-22,8920000000.0,19299000000.0,10471000000.0,87296000000.0,19240000000.0,14601000000.0,40125000000.0,37266000000.0,22647000000.0,4314000000.0
KO,2022,2023-02-21,7747000000.0,22999000000.0,9844000000.0,94354000000.0,22545000000.0,19950000000.0,38116000000.0,33014000000.0,19581000000.0,4323000000.0
KO,2023,2024-02-20,9771000000.0,24105000000.0,12625000000.0,92763000000.0,22591000000.0,19724000000.0,36377000000.0,38655000000.0,23298000000.0,4340000000.0
KO,2024,2025-02-20,9542000000.0,25941000000.0,11018000000.0,97703000000.0,26732000000.0,23571000000.0,,43004000000.0,25004000000.0,4350000000.0
KO,2025,2026-02-20,10714000000.0,24856000000.0,11599000000.0,100549000000.0,25997000000.0,25249000000.0,,45754000000.0,27234000000.0,4339000000.0
KTOS,2012,2013-03-12,14500000.0,,,1216000000.0,421000000.0,213800000.0,630800000.0,,84300000.0,16900000.0
KTOS,2015,2016-03-11,-37200000.0,,,1131200000.0,373200000.0,226100000.0,614400000.0,844100000.0,204500000.0,56800000.0
KTOS,2016,2017-02-27,-78000000.0,,,1131200000.0,320400000.0,172400000.0,444100000.0,763000000.0,179400000.0,57600000.0
KTOS,2017,2018-02-28,19800000.0,,,903300000.0,373100000.0,196500000.0,431000000.0,657100000.0,161800000.0,58700000.0
KTOS,2018,2019-02-28,-60500000.0,,,948600000.0,471400000.0,188900000.0,293500000.0,,120500000.0,61300000.0
KTOS,2019,2020-02-24,-42700000.0,,,1024000000.0,494700000.0,164700000.0,294200000.0,,157600000.0,89500000.0
KTOS,2020,2021-02-25,-3500000.0,,,1010100000.0,522200000.0,182700000.0,295100000.0,,169700000.0,106100000.0
KTOS,2021,2022-02-22,12500000.0,,,1186000000.0,764800000.0,197600000.0,301000000.0,,190000000.0,109200000.0
KTOS,2022,2023-02-23,79600000.0,,,1562800000.0,758100000.0,221100000.0,296700000.0,,203200000.0,118700000.0
KTOS,2023,2024-02-13,-2000000.0,,,1589500000.0,582600000.0,234200000.0,250200000.0,,225100000.0,128000000.0
KTOS,2024,2025-02-26,-36900000.0,,-25700000.0,1632500000.0,594200000.0,292500000.0,219300000.0,,226000000.0,126700000.0
KTOS,2025,2026-02-23,-8900000.0,1353200000.0,65200000.0,1950900000.0,872100000.0,296700000.0,174600000.0,,268600000.0,130400000.0
LASR,2018,2019-03-15,-14202000.0,32087000.0,5959000.0,110148000.0,84583000.0,28894000.0,15108000.0,101325000.0,23166000.0,2500000.0
LASR,2019,2020-03-09,1837000.0,29691000.0,3411000.0,250130000.0,218621000.0,23587000.0,18000.0,,44274000.0,2735000.0
LASR,2020,2021-02-26,13938000.0,61283000.0,3376000.0,249966000.0,198593000.0,25035000.0,0.0,,66961000.0,29959000.0
LASR,2021,2022-02-28,-12884000.0,217783000.0,-4241000.0,283644000.0,200575000.0,41363000.0,215000.0,,52339000.0,37119000.0
LASR,2022,2023-02-27,-20932000.0,216608000.0,13041000.0,373618000.0,277204000.0,45772000.0,,,59364000.0,38367000.0
LASR,2023,2024-02-26,-29669000.0,219914000.0,-7443000.0,329233000.0,230756000.0,34492000.0,,,77307000.0,42142000.0
LASR,2024,2025-02-28,-54579000.0,302133000.0,-14542000.0,306803000.0,220554000.0,32752000.0,,,50821000.0,44436000.0
LASR,2025,2026-02-27,-41670000.0,270845000.0,10091000.0,270241000.0,194089000.0,34235000.0,,,46113000.0,46078000.0
LHX,2010,2010-08-30,444200000.0,1869100000.0,555500000.0,4465100000.0,1859400000.0,1109700000.0,1177300000.0,,1584800000.0,136200000.0
LHX,2011,2011-08-29,37900000.0,2189600000.0,666800000.0,4465100000.0,2004600000.0,1051800000.0,1176600000.0,,,133000000.0
LHX,2012,2012-08-27,561600000.0,2502000000.0,802700000.0,4743600000.0,2216800000.0,1430500000.0,1887200000.0,102400000.0,,130000000.0
LHX,2013,2013-08-26,588000000.0,1938900000.0,833100000.0,6172800000.0,2600400000.0,1414400000.0,1883000000.0,189200000.0,,126300000.0
LHX,2014,2014-08-25,30600000.0,1561300000.0,852900000.0,5592800000.0,1948100000.0,1297400000.0,1577100000.0,,,114800000.0
LHX,2015,2015-08-31,113000000.0,1826000000.0,833000000.0,4845000000.0,1991000000.0,1115000000.0,1564000000.0,,,111200000.0
LHX,2016,2016-08-29,535000000.0,3397000000.0,849000000.0,4919000000.0,3183000000.0,2274000000.0,5053000000.0,,,107300000.0
LHX,2018,2018-08-27,324000000.0,2928000000.0,924000000.0,10090000000.0,2073000000.0,1926000000.0,3396000000.0,5992000000.0,,125000000.0
LHX,2020,2021-03-01,699000000.0,22587000000.0,751000000.0,38336000000.0,6312000000.0,4009000000.0,6694000000.0,,,121100000.0
LHX,2021,2022-02-25,949000000.0,20724000000.0,1185000000.0,36960000000.0,6667000000.0,4240000000.0,6943000000.0,,,120500000.0
LHX,2022,2023-02-24,1119000000.0,19213000000.0,2790000000.0,34709000000.0,6359000000.0,4551000000.0,7048000000.0,,,215900000.0
LHX,2023,2024-02-20,1846000000.0,18523000000.0,2687000000.0,33524000000.0,6754000000.0,5776000000.0,6225000000.0,,,203200000.0
LHX,2024,2025-02-14,1062000000.0,18765000000.0,2158000000.0,41687000000.0,8055000000.0,8004000000.0,11160000000.0,,,193500000.0
LHX,2025,2026-02-12,1227000000.0,19514000000.0,2096000000.0,42001000000.0,8218000000.0,7633000000.0,11081000000.0,,,190600000.0
LIN,2018,2019-03-18,1500000000.0,6018000000.0,,20436000000.0,3285000000.0,3307000000.0,7783000000.0,10534000000.0,,287757000.0
LIN,2019,2020-03-02,1247000000.0,51596000000.0,,93386000000.0,17272000000.0,12956000000.0,12288000000.0,11358000000.0,,289114000.0
LIN,2020,2021-03-01,4381000000.0,49074000000.0,,86612000000.0,10352000000.0,12160000000.0,10693000000.0,14836000000.0,,334127000.0
LIN,2021,2022-02-28,2285000000.0,47317000000.0,,88229000000.0,10924000000.0,13740000000.0,12152000000.0,28228000000.0,,545170000.0
LIN,2022,2023-02-28,2501000000.0,44035000000.0,7429000000.0,81605000000.0,10159000000.0,13643000000.0,11335000000.0,27243000000.0,,531157000.0
LIN,2023,2024-02-28,3826000000.0,40028000000.0,9725000000.0,79658000000.0,13047000000.0,16479000000.0,12198000000.0,30793000000.0,,521875000.0
LIN,2024,2025-02-26,4147000000.0,39720000000.0,8864000000.0,80811000000.0,12620000000.0,15717000000.0,13397000000.0,33364000000.0,,504038000.0
LIN,2025,2026-02-25,6199000000.0,38092000000.0,9305000000.0,80147000000.0,12945000000.0,14544000000.0,15343000000.0,32854000000.0,,492290000.0
LLY,2010,2011-02-22,-2071900000.0,,7295600000.0,27460900000.0,12486500000.0,6568100000.0,6634700000.0,20371900000.0,,1094499000.0
LLY,2011,2012-02-24,4328800000.0,,4335500000.0,31001400000.0,14840000000.0,6926900000.0,6770500000.0,21836000000.0,,1098367000.0
LLY,2013,2014-02-19,4347700000.0,12420300000.0,7234500000.0,34398900000.0,13038700000.0,8389500000.0,5519400000.0,24286500000.0,,1113967000.0
LLY,2014,2015-02-19,4088600000.0,13541700000.0,5304800000.0,35248700000.0,13104700000.0,8916600000.0,4200300000.0,22603400000.0,,1117294000.0
LLY,2015,2016-02-19,4684800000.0,14765200000.0,5735000000.0,36307600000.0,11928300000.0,9741000000.0,5332800000.0,23113100000.0,,1084766000.0
LLY,2016,2017-02-21,2390500000.0,17631400000.0,4458400000.0,35568900000.0,12573600000.0,8229600000.0,7972400000.0,19615600000.0,,1074286000.0
LLY,2017,2018-02-20,2408400000.0,15373200000.0,2964600000.0,38805900000.0,15101400000.0,10986600000.0,8367800000.0,19958700000.0,,1065720000.0
LLY,2018,2019-02-19,2737600000.0,11592200000.0,4851000000.0,44981000000.0,19202100000.0,14535900000.0,9940500000.0,21222100000.0,,1061825000.0
LLY,2019,2020-02-19,-204100000.0,9828700000.0,5615600000.0,43908400000.0,20549600000.0,11888100000.0,9196400000.0,19973800000.0,,1052023000.0
LLY,2020,2021-02-17,3232000000.0,2606900000.0,5524500000.0,39286100000.0,13709600000.0,11775200000.0,13817900000.0,21493300000.0,,1033667000.0
LLY,2021,2022-02-23,8318400000.0,5641600000.0,4836600000.0,46633100000.0,17462100000.0,12481600000.0,16586600000.0,22319500000.0,,935684000.0
LLY,2022,2023-02-22,6193700000.0,8979200000.0,6499600000.0,48806000000.0,18452400000.0,15052700000.0,15346400000.0,24539800000.0,,912505000.0
LLY,2023,2024-02-21,5581700000.0,10649800000.0,7365900000.0,49489800000.0,18034500000.0,17138200000.0,14737500000.0,28318400000.0,,911681000.0
LLY,2024,2025-02-19,6244800000.0,10771900000.0,7585700000.0,64006300000.0,25727000000.0,27293200000.0,18320800000.0,28541400000.0,,904619000.0
LLY,2025,2026-02-12,5240000000.0,14272000000.0,4240000000.0,78715000000.0,32740000000.0,28376000000.0,28527000000.0,34124000000.0,,903300000.0
LMT,2010,2011-02-25,3217000000.0,9805000000.0,4421000000.0,35111000000.0,12477000000.0,10703000000.0,5052000000.0,,4574000000.0,409400000.0
LMT,2011,2012-02-23,2973000000.0,3966000000.0,3487000000.0,35113000000.0,12893000000.0,11401000000.0,5019000000.0,,4147000000.0,388900000.0
LMT,2012,2013-02-28,2878000000.0,3966000000.0,3801000000.0,37908000000.0,14094000000.0,12130000000.0,6460000000.0,,3844000000.0,368300000.0
LMT,2013,2014-02-14,2655000000.0,3497000000.0,4253000000.0,38657000000.0,13855000000.0,12155000000.0,6158000000.0,,3744000000.0,339900000.0
LMT,2014,2015-02-09,2745000000.0,1001000000.0,1561000000.0,36188000000.0,13329000000.0,11120000000.0,6152000000.0,,4196000000.0,328400000.0
LMT,2015,2016-02-24,2981000000.0,39000000.0,4546000000.0,37046000000.0,12322000000.0,11112000000.0,6142000000.0,,4187000000.0,326500000.0
LMT,2016,2017-02-09,3614000000.0,3097000000.0,3866000000.0,49304000000.0,14573000000.0,13918000000.0,14305000000.0,,4683000000.0,322400000.0
LMT,2017,2018-02-06,3605000000.0,1511000000.0,5101000000.0,47806000000.0,15108000000.0,12542000000.0,14282000000.0,,4492000000.0,314700000.0
LMT,2018,2019-02-08,5173000000.0,-850000000.0,5189000000.0,46620000000.0,17505000000.0,12913000000.0,13513000000.0,47290000000.0,5401000000.0,303100000.0
LMT,2019,2020-02-07,1963000000.0,1394000000.0,6476000000.0,44876000000.0,16103000000.0,14398000000.0,12604000000.0,49960000000.0,6371000000.0,290600000.0
LMT,2020,2021-01-28,5046000000.0,3127000000.0,3138000000.0,47528000000.0,17095000000.0,13972000000.0,11404000000.0,53762000000.0,7274000000.0,286800000.0
LMT,2021,2022-01-25,6230000000.0,6015000000.0,7311000000.0,50710000000.0,19378000000.0,13933000000.0,11669000000.0,59812000000.0,8367000000.0,283800000.0
LMT,2022,2023-01-26,6833000000.0,10959000000.0,8183000000.0,50873000000.0,19815000000.0,13997000000.0,11670000000.0,65398000000.0,8654000000.0,281200000.0
LMT,2023,2024-01-23,6315000000.0,9266000000.0,9221000000.0,52880000000.0,20991000000.0,15887000000.0,15429000000.0,67044000000.0,9061000000.0,277400000.0
LMT,2024,2025-01-28,5732000000.0,10959000000.0,7802000000.0,52456000000.0,20521000000.0,16937000000.0,17291000000.0,65984000000.0,8287000000.0,264600000.0
LMT,2025,2026-01-29,6920000000.0,9266000000.0,7920000000.0,55617000000.0,21849000000.0,19420000000.0,19627000000.0,67571000000.0,8479000000.0,251200000.0
LPTH,2013,2013-09-05,-864867.0,4035901.0,405734.0,8271093.0,6250259.0,1741204.0,,,4034771.0,9861596.0
LPTH,2014,2014-09-04,215322.0,4002464.0,556156.0,8377484.0,6078569.0,1622309.0,,,5175251.0,12959218.0
LPTH,2016,2016-09-15,-715280.0,7295691.0,82182.0,12714522.0,8372006.0,2696469.0,,,5979375.0,14711586.0
LPTH,2017,2017-09-14,1414615.0,7999644.0,1525713.0,15589193.0,11152184.0,3212767.0,9926844.0,,9304510.0,16875383.0
LPTH,2018,2018-09-13,7703086.0,10931912.0,4999044.0,46672214.0,19720375.0,5750412.0,9926844.0,28367489.0,14719459.0,21666392.0
LPTH,2019,2019-09-12,1060104.0,29721169.0,2618988.0,47117114.0,19389053.0,5798943.0,5119796.0,32525471.0,12527731.0,26811468.0
LPTH,2020,2020-09-10,-2680323.0,35357444.0,411185.0,45973180.0,19608394.0,6355263.0,5000143.0,33749088.0,12518920.0,25794669.0
LPTH,2021,2021-09-13,866929.0,33459126.0,3732813.0,47574918.0,21257828.0,7403411.0,4437365.0,34967963.0,13842499.0,27469845.0
LPTH,2022,2022-09-15,-3185251.0,34566941.0,4732024.0,54610990.0,20703102.0,8448206.0,3218580.0,38464821.0,13447770.0,26314025.0
LPTH,2023,2023-09-14,-3542181.0,33577485.0,1464128.0,50713921.0,18169414.0,7733557.0,1550587.0,35559160.0,11814636.0,27019534.0
LPTH,2024,2024-09-19,-4046871.0,29731238.0,-2809523.0,53536184.0,21760091.0,6833623.0,325880.0,32933949.0,11074823.0,31637445.0
LPTH,2025,2025-09-26,-8007346.0,35952525.0,521037.0,48086964.0,15537335.0,8036348.0,4804990.0,31726192.0,8631246.0,37944935.0
LRCX,2011,2011-08-19,-302148000.0,1778597000.0,-78129000.0,2487392000.0,1756661000.0,558657000.0,900664000.0,1115946000.0,388734000.0,125595000.0
LRCX,2012,2012-08-22,346669000.0,1453089000.0,350713000.0,4053867000.0,3273265000.0,680759000.0,900000000.0,,969935000.0,128126000.0
LRCX,2013,2013-08-27,723748000.0,1768135000.0,881028000.0,8004652000.0,4415109000.0,1426928000.0,749300000.0,,1497232000.0,125019000.0
LRCX,2014,2014-08-26,168723000.0,2469845000.0,,7250315000.0,3793829000.0,1404475000.0,777400000.0,,1084069000.0,125233000.0
LRCX,2015,2015-08-13,113879000.0,5131781000.0,,7993306000.0,4783662000.0,1582001000.0,,,1403059000.0,173430000.0
LRCX,2016,2016-08-17,632289000.0,4488872000.0,,9364648000.0,6270849000.0,2631361000.0,993960000.0,,2007481000.0,174503000.0
LRCX,2017,2017-08-15,655577000.0,5029735000.0,,12264315000.0,9213150000.0,2418041000.0,3377924000.0,,2284336000.0,177067000.0
LRCX,2018,2018-08-14,914049000.0,5103144000.0,,12122765000.0,9142498000.0,2950115000.0,1778831000.0,,2618922000.0,175159000.0
LRCX,2019,2019-08-20,1697763000.0,5894517000.0,2029282000.0,12479478000.0,9149911000.0,3150308000.0,1760216000.0,,3603359000.0,183770000.0
LRCX,2020,2020-08-18,2380681000.0,6817451000.0,2655747000.0,12001333000.0,8560409000.0,2371650000.0,3767703000.0,,5165032000.0,180782000.0
LRCX,2021,2021-08-17,2191430000.0,6501851000.0,3176013000.0,14559047000.0,10853535000.0,3162442000.0,4959371000.0,,4358459000.0,159915000.0
LRCX,2022,2022-08-24,2251753000.0,4673865000.0,2126451000.0,15892152000.0,11652387000.0,3527867000.0,,,4608693000.0,149090000.0
LRCX,2023,2023-08-15,3908458000.0,5172494000.0,3588163000.0,17195632000.0,12285235000.0,4564759000.0,4962459000.0,,6805306000.0,145320000.0
LRCX,2024,2024-08-29,4605286000.0,6027188000.0,3099674000.0,18781643000.0,13228412000.0,4184918000.0,4964944000.0,,7871807000.0,140628000.0
LRCX,2025,2025-08-11,4510931000.0,6278366000.0,5178938000.0,18744728000.0,12883220000.0,4338438000.0,4466045000.0,,7776925000.0,1358336000.0
LRCX,2026,2026-08-07,3827772000.0,8210172000.0,4652269000.0,21345260000.0,14516995000.0,6568425000.0,3719694000.0,,7052791000.0,1319949000.0
MBLY,2022,2023-03-09,-196000000.0,14468000000.0,271000000.0,16655000000.0,2270000000.0,474000000.0,,967000000.0,376000000.0,750.0
MBLY,2023,2024-02-23,-75000000.0,15842000000.0,599000000.0,15441000000.0,1516000000.0,384000000.0,,1386000000.0,655000000.0,750000000.0
MBLY,2024,2025-02-13,-82000000.0,15889000000.0,546000000.0,15577000000.0,2066000000.0,403000000.0,,1869000000.0,922000000.0,759000000.0
MBLY,2025,2026-02-12,-27000000.0,14794000000.0,394000000.0,12579000000.0,2174000000.0,333000000.0,,2079000000.0,1047000000.0,805000000.0
MCHP,2009,2010-06-02,296793000.0,2004368000.0,,2405711000.0,1742789000.0,155645000.0,,,624938000.0,212048000.0
MCHP,2010,2011-05-31,245587000.0,1539000000.0,,2516313000.0,1610969000.0,203390000.0,,,516504000.0,186788000.0
MCHP,2011,2012-05-30,217005000.0,1490311000.0,,2968058000.0,1774983000.0,340316000.0,,,534242000.0,187339000.0
MCHP,2012,2013-05-30,418950000.0,1533380000.0,,3083776000.0,2015861000.0,247873000.0,,,881251000.0,194715000.0
MCHP,2013,2014-05-30,336705000.0,1812438000.0,411978000.0,3851405000.0,2236370000.0,341611000.0,,,799294000.0,203519000.0
MCHP,2015,2015-05-27,127389000.0,2135461000.0,,4067630000.0,1969399000.0,336079000.0,,,838459000.0,205776000.0
MCHP,2016,2016-05-24,395281000.0,2044654000.0,,4780713000.0,2664617000.0,353972000.0,,,1128743000.0,217630000.0
MCHP,2017,2017-05-30,369009000.0,11076000.0,,5537883000.0,3096713000.0,382009000.0,2453405000.0,,1229564000.0,223561000.0
MCHP,2018,2018-05-18,324100000.0,,,7686900000.0,2305000000.0,704500000.0,2900500000.0,,1205500000.0,217400000.0
MCHP,2019,2019-05-30,164600000.0,,,8257200000.0,3356300000.0,2017400000.0,1758400000.0,3407800000.0,1757200000.0,234800000.0
MCHP,2020,2020-05-22,255400000.0,3270700000.0,1419600000.0,18350000000.0,2214800000.0,2374500000.0,8946200000.0,,2420700000.0,248900000.0
MCHP,2021,2021-05-18,355900000.0,3279800000.0,1674800000.0,17426100000.0,2217200000.0,1637400000.0,8873400000.0,,2931300000.0,249900000.0
MCHP,2022,2022-05-20,570600000.0,5287500000.0,1543800000.0,16478800000.0,2145200000.0,2409600000.0,7581200000.0,,3242100000.0,512400000.0
MCHP,2023,2023-05-25,349400000.0,5585500000.0,1916500000.0,16199500000.0,2452600000.0,1399000000.0,7687400000.0,,3378800000.0,541200000.0
MCHP,2024,2024-05-23,1285500000.0,5337100000.0,2842700000.0,16370300000.0,3069300000.0,3118600000.0,5041700000.0,,4449600000.0,565900000.0
MCHP,2025,2025-05-23,2237700000.0,5894800000.0,3621000000.0,15873200000.0,3013000000.0,2519400000.0,5000400000.0,,5697900000.0,557300000.0
MCHP,2026,2026-05-21,1906900000.0,6513600000.0,2892700000.0,15374600000.0,2991300000.0,1155100000.0,5630400000.0,,4995700000.0,548000000.0
META,2012,2013-02-01,606000000.0,4899000000.0,698000000.0,6331000000.0,4604000000.0,899000000.0,0.0,1974000000.0,,1414000000.0
META,2013,2014-01-31,1000000000.0,11755000000.0,1549000000.0,15103000000.0,11267000000.0,1052000000.0,1500000000.0,3711000000.0,,1508000000.0
META,2014,2015-01-29,53000000.0,15470000000.0,1612000000.0,17895000000.0,13070000000.0,1100000000.0,,5089000000.0,,2166000000.0
META,2015,2016-01-28,1500000000.0,36096000000.0,4222000000.0,39966000000.0,13390000000.0,1424000000.0,,7872000000.0,,2517000000.0
META,2016,2017-02-03,2940000000.0,15470000000.0,7326000000.0,49407000000.0,21652000000.0,1925000000.0,,12466000000.0,,2664000000.0
META,2017,2018-02-01,3688000000.0,36096000000.0,10320000000.0,64961000000.0,34401000000.0,2875000000.0,,17928000000.0,,2853000000.0
META,2018,2019-01-31,10217000000.0,44218000000.0,16108000000.0,84524000000.0,48563000000.0,3760000000.0,,,,2925000000.0
META,2019,2020-01-30,15934000000.0,59194000000.0,24216000000.0,97334000000.0,50480000000.0,7017000000.0,,,,2956000000.0
META,2020,2021-01-28,22112000000.0,74347000000.0,29274000000.0,133376000000.0,66225000000.0,15053000000.0,,,,2921000000.0
META,2021,2022-02-03,18485000000.0,84127000000.0,36314000000.0,159316000000.0,75670000000.0,14981000000.0,,,,2876000000.0
META,2022,2023-02-02,29146000000.0,101054000000.0,38747000000.0,165987000000.0,66666000000.0,21135000000.0,0.0,,,2888000000.0
META,2023,2024-02-02,39370000000.0,128290000000.0,57683000000.0,185727000000.0,59549000000.0,27026000000.0,9923000000.0,,,2859000000.0
META,2024,2025-01-30,23200000000.0,124879000000.0,50475000000.0,229623000000.0,85365000000.0,31960000000.0,18385000000.0,,,2702000000.0
META,2025,2026-01-29,39098000000.0,125713000000.0,71113000000.0,276054000000.0,100045000000.0,33596000000.0,28826000000.0,,,2629000000.0
MO,2010,2011-02-25,4930000000.0,4069000000.0,4881000000.0,36677000000.0,5773000000.0,7992000000.0,11185000000.0,,7687000000.0,2084000000.0
MO,2011,2012-02-16,3206000000.0,5192000000.0,3443000000.0,37402000000.0,5981000000.0,6840000000.0,12194000000.0,,8834000000.0,2071000000.0
MO,2018,2019-02-26,14239000000.0,15377000000.0,3826000000.0,43202000000.0,4344000000.0,6792000000.0,13030000000.0,25744000000.0,11572000000.0,1952000000.0
MO,2019,2020-02-25,10222000000.0,14787000000.0,4901000000.0,55459000000.0,4299000000.0,21193000000.0,11898000000.0,25576000000.0,11963000000.0,1921000000.0
MO,2020,2021-02-26,6963000000.0,6222000000.0,8391000000.0,49271000000.0,4824000000.0,8174000000.0,27042000000.0,25364000000.0,12254000000.0,1888000000.0
MO,2021,2022-02-25,-1293000000.0,2839000000.0,7837000000.0,47414000000.0,7117000000.0,9063000000.0,27971000000.0,25110000000.0,12711000000.0,1869000000.0
MO,2022,2023-02-27,4467000000.0,-1606000000.0,8385000000.0,39523000000.0,6083000000.0,8579000000.0,26939000000.0,26153000000.0,13023000000.0,1859000000.0
MO,2023,2024-02-27,2475000000.0,-3973000000.0,8405000000.0,36954000000.0,7220000000.0,8616000000.0,25124000000.0,26013000000.0,13992000000.0,1845000000.0
MO,2024,2025-02-26,5764000000.0,-3540000000.0,8256000000.0,38570000000.0,5585000000.0,11319000000.0,25112000000.0,25096000000.0,14246000000.0,1804000000.0
MO,2025,2026-02-25,8130000000.0,-2238000000.0,9287000000.0,35177000000.0,4513000000.0,8781000000.0,23399000000.0,24483000000.0,14284000000.0,1777000000.0
MOH,2011,2012-03-27,30868000.0,719057000.0,155371000.0,1509214000.0,960217000.0,565548000.0,164014000.0,3669356000.0,,38976000.0
MOH,2012,2013-02-28,54970000.0,755073000.0,161397000.0,1652146000.0,1048082000.0,601834000.0,216929000.0,4085977000.0,,41631.0
MOH,2013,2014-02-26,20818000.0,782314000.0,225395000.0,1652146000.0,1349126000.0,828037000.0,,4540263000.0,,46425000.0
MOH,2014,2015-02-26,9790000.0,892937000.0,347784000.0,1934822000.0,2039664000.0,1293976000.0,,5914209000.0,,46999000.0
MOH,2015,2016-02-26,53000000.0,1010000000.0,190000000.0,2988000000.0,3203000000.0,2175000000.0,,6589000000.0,843000000.0,47000000.0
MOH,2016,2017-03-01,62000000.0,1557000000.0,1060000000.0,4435000000.0,5306000000.0,3822000000.0,1160000000.0,9667000000.0,1000000000.0,48000000.0
MOH,2017,2018-03-01,143000000.0,1649000000.0,1125000000.0,6576000000.0,5988000000.0,4570000000.0,975000000.0,14178000000.0,1527000000.0,56000000.0
MOH,2018,2019-02-19,52000000.0,1337000000.0,673000000.0,7449000000.0,7511000000.0,5557000000.0,1318000000.0,17782000000.0,1725000000.0,56200000.0
MOH,2019,2020-02-14,-512000000.0,1649000000.0,804000000.0,8471000000.0,6462000000.0,4246000000.0,1020000000.0,19883000000.0,1810000000.0,56400000.0
MOH,2020,2021-02-16,707000000.0,1337000000.0,-314000000.0,7154000000.0,5967000000.0,3269000000.0,1237000000.0,18890000000.0,2518000000.0,66600000.0
MOH,2021,2022-02-14,737000000.0,1647000000.0,434000000.0,9532000000.0,7876000000.0,4965000000.0,2127000000.0,16829000000.0,,64200000.0
MOH,2022,2023-02-13,673000000.0,1960000000.0,1898000000.0,12209000000.0,10064000000.0,7047000000.0,2173000000.0,19423000000.0,,59900000.0
MOH,2023,2024-02-13,659000000.0,2096000000.0,2119000000.0,12314000000.0,10084000000.0,6855000000.0,2176000000.0,27771000000.0,,58600000.0
MOH,2024,2025-02-11,792000000.0,2630000000.0,773000000.0,14892000000.0,12542000000.0,8168000000.0,2180000000.0,31974000000.0,,58500000.0
MOH,2025,2026-02-10,1091000000.0,2964000000.0,1662000000.0,15630000000.0,12773000000.0,7896000000.0,2923000000.0,34072000000.0,,58100000.0
MPWR,2012,2013-03-05,29563000.0,212957000.0,48494000.0,273867000.0,211505000.0,26070000.0,,218840000.0,121457000.0,37826.0
MPWR,2013,2014-03-10,13301000.0,246895000.0,,287162000.0,214301000.0,23460000.0,,213813000.0,101594000.0,35160000.0
MPWR,2014,2015-03-02,15756000.0,242877000.0,,368908000.0,292086000.0,38489000.0,,213813000.0,113148000.0,36247000.0
MPWR,2015,2016-02-29,22898000.0,258294000.0,,399366000.0,307912000.0,36861000.0,,238091000.0,127901000.0,38620000.0
MPWR,2016,2017-03-01,35495000.0,323399000.0,,431285000.0,331928000.0,43283000.0,,,152618000.0,39793000.0
MPWR,2017,2018-03-01,35172000.0,346425000.0,69736000.0,511126000.0,382984000.0,52921000.0,,,180169000.0,40869000.0
MPWR,2018,2019-03-01,52720000.0,368516000.0,107786000.0,652569000.0,449170000.0,65917000.0,,,210873000.0,41915000.0
MPWR,2019,2020-02-28,65203000.0,431116000.0,133821000.0,793432000.0,580810000.0,80439000.0,,,258283000.0,43578000.0
MPWR,2020,2021-03-01,105268000.0,522007000.0,141451000.0,956375000.0,655206000.0,98225000.0,,,322668000.0,44602000.0
MPWR,2021,2022-02-25,108839000.0,640093000.0,216303000.0,1208491000.0,841998000.0,146969000.0,,,346325000.0,45763000.0
MPWR,2022,2023-02-24,164375000.0,773491000.0,267803000.0,1585825000.0,1124852000.0,226944000.0,,,465954000.0,47014000.0
MPWR,2023,2024-02-29,242023000.0,966587000.0,320010000.0,2058885000.0,1410619000.0,263400000.0,,,685459000.0,47889000.0
MPWR,2024,2025-03-03,437672000.0,1243985000.0,246674000.0,2434353000.0,1819499000.0,235035000.0,,,1048552000.0,48358000.0
MPWR,2025,2026-02-27,427374000.0,1668602000.0,638213000.0,3515822000.0,1565053000.0,294567000.0,,,1021119000.0,48771000.0
MRK,2010,2011-02-28,7808000000.0,59058000000.0,6572000000.0,112314000000.0,28432000000.0,15641000000.0,16095000000.0,23850000000.0,,2143000000.0
MRK,2011,2012-02-28,12899000000.0,54376000000.0,3392000000.0,105781000000.0,29064000000.0,15641000000.0,15482000000.0,,,2273000000.0
MRK,2012,2013-02-28,861000000.0,54517000000.0,10822000000.0,105128000000.0,33181000000.0,16245000000.0,15525000000.0,,,3120.0
MRK,2013,2014-02-27,6272000000.0,53020000000.0,12383000000.0,106132000000.0,34857000000.0,18348000000.0,16254000000.0,,,3094000000.0
MRK,2014,2015-02-27,6168000000.0,49765000000.0,10022000000.0,105645000000.0,35685000000.0,17868000000.0,20539000000.0,,,3076000000.0
MRK,2015,2016-02-26,4404000000.0,48647000000.0,11654000000.0,98167000000.0,32605000000.0,18397000000.0,18699000000.0,,,2996000000.0
MRK,2016,2017-02-28,11920000000.0,44676000000.0,7989000000.0,101677000000.0,29751000000.0,19201000000.0,23829000000.0,,,2928000000.0
MRK,2017,2018-02-27,4442000000.0,40088000000.0,12538000000.0,95377000000.0,30614000000.0,17204000000.0,24274000000.0,,,2841000000.0
MRK,2018,2019-02-27,3920000000.0,34336000000.0,10376000000.0,87872000000.0,24766000000.0,18614000000.0,21353000000.0,39807000000.0,,2787000000.0
MRK,2019,2020-02-26,2394000000.0,26701000000.0,6451000000.0,82637000000.0,25875000000.0,22206000000.0,19806000000.0,40122000000.0,,2748000000.0
MRK,2020,2021-02-25,6220000000.0,25907000000.0,10922000000.0,84397000000.0,27483000000.0,22220000000.0,22736000000.0,42294000000.0,,2679000000.0
MRK,2021,2022-02-25,9843000000.0,25317000000.0,,91588000000.0,27764000000.0,27327000000.0,25360000000.0,39121000000.0,,2580000000.0
MRK,2022,2023-02-24,7067000000.0,38184000000.0,,105694000000.0,30266000000.0,23872000000.0,30690000000.0,41518000000.0,,2541000000.0
MRK,2023,2024-02-26,13049000000.0,45991000000.0,,109160000000.0,35722000000.0,24239000000.0,28745000000.0,48704000000.0,,2538000000.0
MRK,2024,2025-02-25,14519000000.0,37581000000.0,19095000000.0,106675000000.0,32168000000.0,25694000000.0,33683000000.0,59283000000.0,,2542000000.0
MRK,2025,2026-02-24,365000000.0,46313000000.0,13006000000.0,117106000000.0,38782000000.0,28420000000.0,34462000000.0,60115000000.0,,2547000000.0
MRVL,2022,2022-03-10,1584391000.0,7306410000.0,360297000.0,10764924000.0,1617145000.0,1077097000.0,993170000.0,2699161000.0,1356941000.0,676094000.0
MRVL,2023,2023-03-09,-277300000.0,8678600000.0,817300000.0,22108600000.0,2493400000.0,1388600000.0,4484800000.0,2968900000.0,1488300000.0,668800000.0
MRVL,2024,2024-03-13,-421000000.0,8435800000.0,819300000.0,22522100000.0,3281100000.0,2386700000.0,3907700000.0,4462400000.0,2064200000.0,796900000.0
MRVL,2025,2025-03-12,-163500000.0,15702100000.0,1288800000.0,21228500000.0,3062700000.0,1814200000.0,4058600000.0,5919600000.0,2987500000.0,851400000.0
MRVL,2026,2026-03-11,-933400000.0,15637200000.0,1370500000.0,20204500000.0,3120300000.0,2026800000.0,3934300000.0,5507700000.0,2293600000.0,861300000.0
MS,2009,2010-02-26,3209000000.0,48753000000.0,-22249000000.0,676764000000.0,,,179835000000.0,26478000000.0,,1024836645.0
MS,2010,2011-02-28,1707000000.0,46688000000.0,73417000000.0,771462000000.0,,,193374000000.0,22140000000.0,,1073496349.0
MS,2011,2012-02-27,1346000000.0,57211000000.0,-45951000000.0,807698000000.0,,,192457000000.0,23280000000.0,,1185414871.0
MS,2012,2013-02-26,4703000000.0,62049000000.0,40614000000.0,749898000000.0,,,184234000000.0,31230000000.0,,1411268971.0
MS,2013,2014-02-25,4110000000.0,62109000000.0,,780960000000.0,,,169571000000.0,32227000000.0,,1675271669.0
MS,2014,2015-03-02,68000000.0,65921000000.0,,832702000000.0,,,153575000000.0,26178000000.0,,1918811270.0
MS,2015,2016-02-23,2932000000.0,70900000000.0,,801510000000.0,,,152772000000.0,,,1956519738.0
MS,2016,2017-02-27,3467000000.0,75182000000.0,,787465000000.0,,,153768000000.0,,,1971000000.0
MS,2017,2018-02-27,6127000000.0,76050000000.0,-4463000000.0,814949000000.0,,,164775000000.0,,,1953000000.0
MS,2018,2019-02-26,5979000000.0,77391000000.0,5383000000.0,851733000000.0,,,191063000000.0,,,1887000000.0
MS,2019,2020-02-27,6111000000.0,80246000000.0,-4505000000.0,853531000000.0,,,188117000000.0,,,1821000000.0
MS,2020,2021-02-26,8748000000.0,81549000000.0,7305000000.0,895429000000.0,,,190060000000.0,,,1738000000.0
MS,2021,2022-02-24,9042000000.0,101781000000.0,40773000000.0,1115862000000.0,,,213388000000.0,,,1640000000.0
MS,2022,2023-02-24,10996000000.0,105441000000.0,-25231000000.0,1188140000000.0,,,227363000000.0,,,1624000000.0
MS,2023,2024-02-22,15034000000.0,100141000000.0,33971000000.0,1180231000000.0,,,233867000000.0,,,1814000000.0
MS,2024,2025-02-21,11029000000.0,99038000000.0,-6397000000.0,1193693000000.0,,,260544000000.0,,,1713000000.0
MS,2025,2026-02-19,9087000000.0,104511000000.0,-33536000000.0,1215071000000.0,,,284307000000.0,,,1646000000.0
MSFT,2010,2010-07-30,17681000000.0,36286000000.0,21612000000.0,77888000000.0,49280000000.0,27034000000.0,3746000000.0,60420000000.0,48822000000.0,9470000000.0
MSFT,2011,2011-07-28,14569000000.0,39558000000.0,19037000000.0,86113000000.0,55676000000.0,26147000000.0,4939000000.0,,50089000000.0,8996000000.0
MSFT,2012,2012-07-26,18760000000.0,46175000000.0,24073000000.0,108704000000.0,74918000000.0,28774000000.0,11921000000.0,,54366000000.0,8927000000.0
MSFT,2013,2013-07-30,23150000000.0,57083000000.0,26994000000.0,121271000000.0,85084000000.0,32688000000.0,10713000000.0,,54366000000.0,8593000000.0
MSFT,2014,2014-07-31,16978000000.0,66363000000.0,,142431000000.0,101466000000.0,37417000000.0,12601000000.0,,56193000000.0,8506000000.0
MSFT,2015,2015-07-31,21863000000.0,78944000000.0,,172384000000.0,114246000000.0,45625000000.0,20645000000.0,,57464000000.0,8470000000.0
MSFT,2016,2016-07-28,22074000000.0,89784000000.0,,174472000000.0,122797000000.0,49647000000.0,27808000000.0,,59755000000.0,8399000000.0
MSFT,2017,2017-08-02,12193000000.0,80083000000.0,,193468000000.0,139660000000.0,59357000000.0,40557000000.0,,60542000000.0,8254000000.0
MSFT,2018,2018-08-03,20539000000.0,83090000000.0,33325000000.0,250312000000.0,162696000000.0,55745000000.0,76073000000.0,,58374000000.0,8013000000.0
MSFT,2019,2019-08-01,25489000000.0,87711000000.0,39507000000.0,258848000000.0,169662000000.0,58488000000.0,72242000000.0,,62310000000.0,7832000000.0
MSFT,2020,2020-07-30,16571000000.0,82718000000.0,43884000000.0,286556000000.0,175552000000.0,69420000000.0,66662000000.0,,72007000000.0,7794000000.0
MSFT,2021,2021-07-29,39240000000.0,102330000000.0,52185000000.0,301311000000.0,181915000000.0,72310000000.0,59578000000.0,,82933000000.0,7753000000.0
MSFT,2022,2022-07-28,44281000000.0,118304000000.0,60675000000.0,333779000000.0,184406000000.0,88657000000.0,50074000000.0,,96937000000.0,7683000000.0
MSFT,2023,2023-07-27,61271000000.0,141988000000.0,76740000000.0,364840000000.0,169684000000.0,95082000000.0,47032000000.0,,115856000000.0,7608000000.0
MSFT,2024,2024-07-30,72738000000.0,166542000000.0,89035000000.0,411976000000.0,184257000000.0,104149000000.0,41990000000.0,,135620000000.0,7540000000.0
MSFT,2025,2025-07-30,72361000000.0,206223000000.0,87582000000.0,512163000000.0,159734000000.0,125286000000.0,42688000000.0,,146052000000.0,7472000000.0
MSFT,2026,2026-07-29,88136000000.0,268477000000.0,118548000000.0,619003000000.0,191131000000.0,141218000000.0,40152000000.0,,171008000000.0,7469000000.0
MU,2011,2011-10-25,-1882000000.0,8020000000.0,1206000000.0,14693000000.0,6333000000.0,2702000000.0,1648000000.0,,-440000000.0,800700000.0
MU,2012,2012-10-29,1850000000.0,8470000000.0,3096000000.0,14752000000.0,5832000000.0,2480000000.0,1861000000.0,,2714000000.0,1050700000.0
MU,2013,2013-10-28,167000000.0,7700000000.0,,14328000000.0,5758000000.0,2243000000.0,,,1758000000.0,1007500000.0
MU,2014,2014-10-27,-1032000000.0,9142000000.0,,19118000000.0,8911000000.0,4125000000.0,,,968000000.0,991000000.0
MU,2015,2015-10-27,1190000000.0,10760000000.0,,22416000000.0,10245000000.0,4791000000.0,,,1847000000.0,1057000000.0
MU,2016,2016-10-28,3045000000.0,12302000000.0,,24143000000.0,8596000000.0,3905000000.0,,,5437000000.0,1198000000.0
MU,2017,2017-10-26,2899000000.0,12080000000.0,5208000000.0,27540000000.0,9495000000.0,4835000000.0,,,5215000000.0,1170000000.0
MU,2018,2018-10-15,-276000000.0,18621000000.0,3168000000.0,35336000000.0,12457000000.0,5334000000.0,,12399000000.0,2505000000.0,1036000000.0
MU,2019,2019-10-17,5089000000.0,32294000000.0,8153000000.0,43376000000.0,16039000000.0,5754000000.0,,,8436000000.0,1154000000.0
MU,2020,2020-10-19,14135000000.0,35881000000.0,17400000000.0,48887000000.0,16503000000.0,6390000000.0,,,17891000000.0,1229000000.0
MU,2021,2021-10-08,6313000000.0,38996000000.0,13189000000.0,53678000000.0,17965000000.0,6635000000.0,,,10702000000.0,1143000000.0
MU,2022,2022-10-07,2687000000.0,38996000000.0,8306000000.0,58849000000.0,19907000000.0,6424000000.0,,,6552000000.0,1131000000.0
MU,2023,2023-10-06,5861000000.0,38996000000.0,12468000000.0,66283000000.0,21781000000.0,7539000000.0,,,10423000000.0,1141000000.0
MU,2024,2024-10-04,8687000000.0,43933000000.0,15181000000.0,64254000000.0,21244000000.0,4765000000.0,,,13898000000.0,1122000000.0
MU,2025,2025-10-03,-5833000000.0,49907000000.0,1559000000.0,69416000000.0,24372000000.0,9248000000.0,,,-1416000000.0,1093000000.0
NFLX,2009,2010-02-22,66608000.0,413618000.0,277424000.0,615424000.0,358925000.0,216017000.0,0.0,1205340000.0,419172000.0,68902000.0
NFLX,2010,2011-02-18,83026000.0,429812000.0,284037000.0,679734000.0,411013000.0,227436000.0,,1364661000.0,454427000.0,62836000.0
NFLX,2011,2012-02-10,115860000.0,347155000.0,325063000.0,982067000.0,637231000.0,388579000.0,,1670269000.0,590998000.0,58416000.0
NFLX,2012,2013-02-01,160853000.0,199143000.0,276401000.0,3069196000.0,1830857000.0,1225055000.0,,2162625000.0,,54304000.0
NFLX,2013,2014-02-03,226126000.0,290164000.0,317712000.0,3967890000.0,2240791000.0,1675926000.0,200000000.0,3204577000.0,,54369000.0
NFLX,2014,2015-01-29,17152000.0,642810000.0,21586000.0,5412563000.0,3058763000.0,2154203000.0,500000000.0,3609282000.0,,58904000.0
NFLX,2015,2016-01-28,112403000.0,744673000.0,97831000.0,7042500000.0,3927053000.0,2663154000.0,885849000.0,4374562000.0,,425327000.0
NFLX,2016,2017-01-27,266799000.0,1333561000.0,16483000.0,10202871000.0,5431840000.0,3529624000.0,2371362000.0,5504656000.0,,431894000.0
NFLX,2017,2018-01-29,122641000.0,1857708000.0,-749439000.0,13586610000.0,5720291000.0,4586657000.0,3364311000.0,6779511000.0,,436456000.0
NFLX,2018,2019-01-29,186678000.0,2223426000.0,-1473984000.0,19012742000.0,7669974000.0,5466312000.0,6499432000.0,8830669000.0,,438652000.0
NFLX,2019,2020-01-29,558929000.0,2679800000.0,-1785948000.0,25974400000.0,9694135000.0,6487320000.0,10360058000.0,11692713000.0,,446814000.0
NFLX,2020,2021-01-28,1211242000.0,3581956000.0,-2680479000.0,33975712000.0,6178504000.0,6855696000.0,14759260000.0,15794341000.0,,451244000.0
NFLX,2021,2022-01-27,1866916000.0,5238765000.0,-2887322000.0,39280359000.0,9761580000.0,7805785000.0,15809095000.0,20156447000.0,,451765000.0
NFLX,2022,2023-01-26,2761395000.0,7582157000.0,2427077000.0,44584663000.0,8069825000.0,8488966000.0,14693072000.0,24996056000.0,,454208000.0
NFLX,2023,2024-01-26,5116228000.0,11065240000.0,392610000.0,48594768000.0,9266473000.0,7930974000.0,14353076000.0,29697844000.0,,455372000.0
NFLX,2024,2025-01-27,4491924000.0,15849248000.0,2026257000.0,48731992000.0,9918133000.0,8860655000.0,14143417000.0,31615550000.0,,451290000.0
NFLX,2025,2026-01-23,5407990000.0,20777401000.0,7274301000.0,53630374000.0,13100379000.0,10755400000.0,13798351000.0,33723297000.0,,4494966000.0
NKE,2011,2011-07-22,1487000000.0,7825000000.0,1736000000.0,14419000000.0,10959000000.0,3364000000.0,446000000.0,,8604000000.0,490700000.0
NKE,2012,2012-07-24,1907000000.0,8693000000.0,3164000000.0,14998000000.0,11297000000.0,3958000000.0,276000000.0,,8800000000.0,493900000.0
NKE,2013,2013-07-23,2133000000.0,9754000000.0,1812000000.0,15465000000.0,11845000000.0,3882000000.0,228000000.0,,9202000000.0,971300000.0
NKE,2014,2014-07-25,2211000000.0,9793000000.0,1824000000.0,17545000000.0,13630000000.0,3962000000.0,1210000000.0,,10148000000.0,939600000.0
NKE,2015,2015-07-23,2472000000.0,10319000000.0,3032000000.0,18594000000.0,13696000000.0,5027000000.0,1199000000.0,,11034000000.0,916400000.0
NKE,2016,2016-07-21,2693000000.0,11081000000.0,3013000000.0,21597000000.0,15587000000.0,6332000000.0,1079000000.0,,12446000000.0,1811600000.0
NKE,2017,2017-07-20,3273000000.0,10824000000.0,4680000000.0,21379000000.0,15025000000.0,5358000000.0,1993000000.0,,14067000000.0,1768800000.0
NKE,2018,2018-07-25,3760000000.0,12707000000.0,3399000000.0,23259000000.0,16061000000.0,5474000000.0,3471000000.0,,14971000000.0,1742500000.0
NKE,2019,2019-07-23,4240000000.0,12258000000.0,3846000000.0,22536000000.0,15134000000.0,6040000000.0,3468000000.0,34350000000.0,15312000000.0,1692000000.0
NKE,2020,2020-07-24,1933000000.0,12407000000.0,4955000000.0,23717000000.0,16525000000.0,7866000000.0,3464000000.0,36397000000.0,15956000000.0,1659100000.0
NKE,2021,2021-07-20,4029000000.0,9812000000.0,5903000000.0,31342000000.0,20556000000.0,8284000000.0,9406000000.0,39117000000.0,17474000000.0,1618400000.0
NKE,2022,2022-07-21,2539000000.0,9040000000.0,2485000000.0,37740000000.0,26291000000.0,9674000000.0,9413000000.0,37403000000.0,16241000000.0,1591600000.0
NKE,2023,2023-07-20,5727000000.0,8055000000.0,6657000000.0,40321000000.0,28213000000.0,10730000000.0,8920000000.0,44538000000.0,19962000000.0,1609400000.0
NKE,2024,2024-07-25,6046000000.0,12767000000.0,5188000000.0,37531000000.0,25202000000.0,9256000000.0,8927000000.0,46710000000.0,21479000000.0,1610800000.0
NKE,2025,2025-07-17,5070000000.0,15281000000.0,5841000000.0,38110000000.0,25382000000.0,10593000000.0,7903000000.0,51217000000.0,22292000000.0,1569800000.0
NKE,2026,2026-07-15,5700000000.0,14004000000.0,7429000000.0,36579000000.0,23362000000.0,10566000000.0,7961000000.0,51362000000.0,22887000000.0,1529700000.0
NOC,2009,2010-02-09,1790000000.0,17687000000.0,2890000000.0,30197000000.0,8243000000.0,7449000000.0,,,,354300000.0
NOC,2010,2011-02-09,-1262000000.0,11920000000.0,3211000000.0,30197000000.0,8635000000.0,6985000000.0,,,,334500000.0
NOC,2011,2012-02-08,1686000000.0,12566000000.0,2133000000.0,31410000000.0,13774000000.0,10027000000.0,,,,323300000.0
NOC,2012,2013-02-05,2053000000.0,10336000000.0,2453000000.0,25411000000.0,7746000000.0,6135000000.0,,,,301100000.0
NOC,2013,2014-02-03,2118000000.0,10336000000.0,2115000000.0,26543000000.0,8392000000.0,6056000000.0,,,,281600000.0
NOC,2014,2015-02-02,1978000000.0,9514000000.0,2640000000.0,26381000000.0,9488000000.0,5815000000.0,,,,253400000.0
NOC,2015,2016-02-01,1952000000.0,10620000000.0,2483000000.0,26572000000.0,7780000000.0,5892000000.0,,,,233900000.0
NOC,2016,2017-01-30,2069000000.0,7235000000.0,2593000000.0,24424000000.0,6334000000.0,5457000000.0,,,,212100000.0
NOC,2017,2018-01-29,1990000000.0,5522000000.0,2162000000.0,25614000000.0,6856000000.0,5630000000.0,,,,191600000.0
NOC,2018,2019-01-31,2043000000.0,5363000000.0,2813000000.0,35128000000.0,16587000000.0,7092000000.0,,24706000000.0,,180500000.0
NOC,2019,2020-01-30,2869000000.0,7132000000.0,2613000000.0,37653000000.0,9680000000.0,8274000000.0,,26004000000.0,,175600000.0
NOC,2020,2021-01-28,3229000000.0,8187000000.0,3827000000.0,41089000000.0,10685000000.0,9434000000.0,12770000000.0,30095000000.0,,174600000.0
NOC,2021,2022-01-27,2248000000.0,8819000000.0,4297000000.0,44469000000.0,15344000000.0,9580000000.0,14261000000.0,33841000000.0,,170000000.0
NOC,2022,2023-01-26,3189000000.0,10579000000.0,4305000000.0,42579000000.0,12426000000.0,9530000000.0,12777000000.0,36799000000.0,,167600000.0
NOC,2023,2024-01-25,7005000000.0,12926000000.0,3567000000.0,43755000000.0,12488000000.0,11587000000.0,11805000000.0,35667000000.0,,160900000.0
NOC,2024,2025-01-30,4896000000.0,15312000000.0,2901000000.0,46544000000.0,13706000000.0,11942000000.0,13786000000.0,36602000000.0,,155600000.0
NOC,2025,2026-01-27,2056000000.0,14795000000.0,3875000000.0,49359000000.0,14274000000.0,14128000000.0,14692000000.0,39290000000.0,,152000000.0
NVDA,2010,2010-03-18,797645000.0,2006919000.0,1270196000.0,3350727000.0,2167958000.0,778591000.0,,4097860000.0,1869280000.0,606732.0
NVDA,2011,2012-03-13,-67987000.0,2394652000.0,487807000.0,4495246000.0,3226950000.0,942682000.0,,3326445000.0,1176923000.0,549574000.0
NVDA,2012,2013-03-12,253146000.0,2665140000.0,675797000.0,5552928000.0,3905358000.0,929958000.0,,3543309000.0,1409090000.0,588684000.0
NVDA,2013,2014-03-13,581090000.0,3181462000.0,909156000.0,6412245000.0,4775258000.0,976223000.0,,3997930000.0,2056517000.0,616371000.0
NVDA,2015,2015-03-12,562536000.0,4145724000.0,824172000.0,7250894000.0,5624711000.0,945496000.0,,4280159000.0,2226343000.0,624957000.0
NVDA,2016,2016-03-17,440000000.0,4827000000.0,835000000.0,7201000000.0,5713000000.0,896000000.0,,4130000000.0,2268000000.0,595000000.0
NVDA,2017,2017-03-01,631000000.0,4455000000.0,906000000.0,7370000000.0,6053000000.0,2351000000.0,,4682000000.0,2599000000.0,563000000.0
NVDA,2018,2018-02-28,614000000.0,4418000000.0,1175000000.0,9841000000.0,8536000000.0,1788000000.0,,5010000000.0,2811000000.0,569000000.0
NVDA,2019,2019-02-21,1666000000.0,4469000000.0,1672000000.0,11241000000.0,9255000000.0,1153000000.0,,,4063000000.0,649000000.0
NVDA,2020,2020-02-20,3047000000.0,5762000000.0,3502000000.0,13292000000.0,10557000000.0,1329000000.0,,,5822000000.0,632000000.0
NVDA,2021,2021-02-26,4141000000.0,7471000000.0,3743000000.0,17315000000.0,13690000000.0,1784000000.0,1991000000.0,,7171000000.0,625000000.0
NVDA,2022,2022-03-18,2796000000.0,9342000000.0,4761000000.0,28791000000.0,16055000000.0,3925000000.0,5964000000.0,10918000000.0,6768000000.0,2472000000.0
NVDA,2023,2023-02-24,4332000000.0,12204000000.0,5822000000.0,44187000000.0,28829000000.0,4335000000.0,10946000000.0,16675000000.0,10396000000.0,2510000000.0
NVDA,2024,2024-02-21,9752000000.0,16893000000.0,9108000000.0,41182000000.0,23073000000.0,6563000000.0,9703000000.0,26914000000.0,17475000000.0,2535000000.0
NVDA,2025,2025-02-26,4368000000.0,26612000000.0,5641000000.0,65728000000.0,44345000000.0,10631000000.0,8459000000.0,26974000000.0,15356000000.0,25070000000.0
NVDA,2026,2026-02-25,29760000000.0,22101000000.0,28090000000.0,111601000000.0,80126000000.0,18047000000.0,8463000000.0,60922000000.0,44301000000.0,24940000000.0
NXPI,2019,2020-02-27,2215000000.0,10505000000.0,2447000000.0,21530000000.0,5225000000.0,3385000000.0,,9256000000.0,4619000000.0,345802000.0
NXPI,2020,2021-02-25,2208000000.0,9441000000.0,4369000000.0,20016000000.0,3267000000.0,1791000000.0,,9407000000.0,4851000000.0,328606000.0
NXPI,2021,2022-02-24,243000000.0,8944000000.0,2373000000.0,19847000000.0,4324000000.0,2017000000.0,,8877000000.0,4618000000.0,285911000.0
NXPI,2022,2023-03-01,52000000.0,6528000000.0,2482000000.0,20864000000.0,5228000000.0,2452000000.0,,8612000000.0,4235000000.0,283809000.0
NXPI,2023,2024-02-22,1871000000.0,7449000000.0,3077000000.0,23236000000.0,6935000000.0,3270000000.0,,11063000000.0,6067000000.0,275646000.0
NXPI,2024,2025-02-20,2787000000.0,8644000000.0,3895000000.0,24353000000.0,7864000000.0,4111000000.0,10175000000.0,13205000000.0,7517000000.0,264053000.0
NXPI,2025,2026-02-19,2797000000.0,9183000000.0,3513000000.0,24385000000.0,7305000000.0,3098000000.0,10354000000.0,13276000000.0,7553000000.0,261370000.0
OKLO,2024,2025-03-24,-32173000.0,-3079000.0,-15998000.0,14885000.0,14199000.0,3204000.0,,,,68891996.0
OKLO,2025,2026-03-17,-73616000.0,-34361000.0,-38390000.0,281736000.0,231939000.0,5336000.0,,,,98910013.0
OKTA,2022,2022-03-07,-208913000.0,252377000.0,55603000.0,3298797000.0,2878567000.0,1545614000.0,,586067000.0,426685000.0,117221000.0
OKTA,2023,2023-03-03,-266000000.0,405000000.0,128000000.0,9206000000.0,3041000000.0,1243000000.0,,835000000.0,617000000.0,127212000.0
OKTA,2024,2024-03-01,-848000000.0,693000000.0,104000000.0,9307000000.0,3229000000.0,1465000000.0,,1300000000.0,904000000.0,148036000.0
OKTA,2025,2025-03-05,-815000000.0,5922000000.0,86000000.0,8989000000.0,2980000000.0,1782000000.0,,1858000000.0,1312000000.0,158023000.0
OKTA,2026,2026-03-05,-355000000.0,5466000000.0,512000000.0,9437000000.0,3416000000.0,2523000000.0,,2263000000.0,1682000000.0,163634000.0
ON,2010,2011-02-24,-428900000.0,985000000.0,393800000.0,2414300000.0,1168600000.0,619000000.0,727600000.0,2054800000.0,745500000.0,379000000.0
ON,2011,2012-02-22,61000000.0,1366000000.0,279300000.0,2919200000.0,1358000000.0,710900000.0,752800000.0,1768900000.0,620700000.0,432100000.0
ON,2012,2013-02-26,290500000.0,1468200000.0,551800000.0,3883500000.0,2127700000.0,1275500000.0,836900000.0,2313400000.0,956000000.0,444400000.0
ON,2013,2014-02-21,11600000.0,1361100000.0,545500000.0,3328400000.0,1693400000.0,1024300000.0,658300000.0,3442300000.0,1008800000.0,457200000.0
ON,2014,2015-02-27,-97200000.0,1490800000.0,276000000.0,3293800000.0,1707200000.0,819200000.0,760600000.0,2894900000.0,946300000.0,452600000.0
ON,2015,2016-02-24,150400000.0,1626500000.0,327300000.0,3822100000.0,1805800000.0,1040800000.0,982100000.0,2782700000.0,929100000.0,450700000.0
ON,2016,2017-02-28,189700000.0,1608200000.0,481300000.0,3869600000.0,1891500000.0,1239300000.0,850500000.0,3161800000.0,1084900000.0,443500000.0
ON,2017,2018-02-21,206200000.0,1823200000.0,470600000.0,6924400000.0,2869100000.0,1502600000.0,3068500000.0,3495800000.0,1193200000.0,427800000.0
ON,2018,2019-02-20,182100000.0,2778800000.0,581100000.0,7195100000.0,2933200000.0,1408900000.0,2703700000.0,3906900000.0,1300500000.0,420000000.0
ON,2019,2020-02-19,810700000.0,3171600000.0,1094200000.0,7587600000.0,3167800000.0,1469300000.0,2627600000.0,,2035600000.0,428300000.0
ON,2020,2021-02-16,627400000.0,3301700000.0,1274200000.0,8425500000.0,3020000000.0,1818400000.0,2876500000.0,,2238700000.0,435900000.0
ON,2021,2022-02-14,211700000.0,3538500000.0,694700000.0,8668000000.0,3184100000.0,1674500000.0,2959700000.0,,1973600000.0,416000000.0
ON,2022,2023-02-06,234200000.0,4585400000.0,884300000.0,9626000000.0,3781600000.0,1543400000.0,2913900000.0,,1715800000.0,418800000.0
ON,2023,2024-02-05,1009600000.0,6188500000.0,1782000000.0,11978500000.0,5729400000.0,2061400000.0,3045700000.0,,2714300000.0,443800000.0
ON,2024,2025-02-10,1902200000.0,7782600000.0,2633100000.0,13215200000.0,5912300000.0,2183600000.0,2542600000.0,,4077200000.0,448200000.0
ON,2025,2026-02-09,2183700000.0,8796400000.0,1977500000.0,14089800000.0,6752000000.0,1334800000.0,3345900000.0,,3883500000.0,446800000.0
ONDS,2022,2023-03-14,-15023842.0,15083595.0,-16895416.0,117438575.0,44656273.0,4623914.0,,2906771.0,1095829.0,34180897.0
ONDS,2023,2024-04-01,-73241805.0,112232832.0,-37963076.0,97945245.0,35802002.0,22726368.0,,2125817.0,1109163.0,42242525.0
ONDS,2024,2025-03-12,-44844872.0,58222907.0,-34019519.0,92164682.0,23606239.0,35940104.0,,15691430.0,6381174.0,52740215.0
ONDS,2025,2026-03-30,-38007000.0,16583000.0,-33469000.0,109622000.0,47520000.0,50577000.0,,7193000.0,345000.0,69917.0
ORCL,2010,2010-07-01,5581000000.0,25090000000.0,7402000000.0,47416000000.0,18581000000.0,9149000000.0,,22430000000.0,,5229000000.0
ORCL,2012,2012-06-26,6135000000.0,39776000000.0,8681000000.0,73535000000.0,39174000000.0,14192000000.0,,26820000000.0,,5073000000.0
ORCL,2013,2013-06-26,8547000000.0,43688000000.0,11214000000.0,78327000000.0,40023000000.0,15388000000.0,,35622000000.0,,5128000000.0
ORCL,2014,2014-06-26,9981000000.0,44648000000.0,,81812000000.0,41692000000.0,12872000000.0,,37121000000.0,,5095000000.0
ORCL,2015,2015-06-25,10925000000.0,46878000000.0,,90266000000.0,48128000000.0,14389000000.0,,37180000000.0,,4844000000.0
ORCL,2016,2016-06-22,10955000000.0,48663000000.0,,110903000000.0,62520000000.0,15206000000.0,,38275000000.0,,4604000000.0
ORCL,2017,2017-06-27,9938000000.0,47289000000.0,,112180000000.0,64313000000.0,17208000000.0,,38226000000.0,23709000000.0,4503000000.0
ORCL,2018,2018-06-22,8901000000.0,53860000000.0,13685000000.0,134991000000.0,74515000000.0,24178000000.0,,37047000000.0,22410000000.0,4305000000.0
ORCL,2019,2019-06-21,9452000000.0,46372000000.0,14126000000.0,137851000000.0,76159000000.0,19124000000.0,,37792000000.0,,4217000000.0
ORCL,2020,2020-06-22,3587000000.0,21785000000.0,15386000000.0,108709000000.0,46386000000.0,18630000000.0,,,,4238000000.0
ORCL,2021,2021-06-21,11083000000.0,12074000000.0,14551000000.0,115438000000.0,52140000000.0,17200000000.0,,,,3732000000.0
ORCL,2022,2022-06-21,10135000000.0,5238000000.0,13139000000.0,131107000000.0,55567000000.0,24164000000.0,0.0,,,3294000000.0
ORCL,2023,2023-06-20,13746000000.0,-6220000000.0,15887000000.0,109297000000.0,31633000000.0,19511000000.0,,40479000000.0,,3022000000.0
ORCL,2024,2024-06-20,6717000000.0,1073000000.0,9539000000.0,134384000000.0,21004000000.0,23090000000.0,,42440000000.0,,2786000000.0
ORCL,2025,2025-06-18,8503000000.0,8704000000.0,17165000000.0,140976000000.0,22554000000.0,31544000000.0,,49954000000.0,,2766000000.0
ORCL,2026,2026-06-22,10467000000.0,20451000000.0,18673000000.0,168361000000.0,24579000000.0,32643000000.0,,52961000000.0,,2823000000.0
PANW,2021,2021-09-03,-81900000.0,1101800000.0,1055600000.0,9065400000.0,5129200000.0,2691700000.0,3084100000.0,,2091200000.0,94500000.0
PANW,2022,2022-09-06,-267000000.0,634500000.0,1035700000.0,10241600000.0,4647300000.0,5116700000.0,3226000000.0,,2408900000.0,96900000.0
PANW,2023,2023-09-01,-498900000.0,210000000.0,1503000000.0,12253600000.0,6414900000.0,8306300000.0,3676800000.0,,2981200000.0,289100000.0
PANW,2024,2024-09-06,-267000000.0,634500000.0,1984700000.0,14501100000.0,6048000000.0,7737500000.0,,,3782800000.0,295600000.0
PANW,2025,2025-08-29,439700000.0,210000000.0,2777500000.0,19990900000.0,6849700000.0,7682700000.0,,,4983000000.0,684500000.0
PCT,2021,2022-03-29,-52992000.0,2380000.0,-17953000.0,407977000.0,64938000.0,33075000.0,,,,28732000.0
PCT,2022,2023-03-16,-52992000.0,2380000.0,-17953000.0,664684000.0,345349000.0,38459000.0,232508000.0,,,28732000.0
PCT,2023,2024-03-06,-77502000.0,111749000.0,-54507000.0,861336000.0,236217000.0,38301000.0,,,,102981000.0
PCT,2024,2025-02-27,-84746000.0,381535000.0,-65478000.0,1039373000.0,162645000.0,55610000.0,,,,156152000.0
PCT,2025,2026-02-26,-101715000.0,510883000.0,-94906000.0,798385000.0,53899000.0,90877000.0,,0.0,,164013000.0
PEP,2010,2011-02-18,5142000000.0,16908000000.0,6999000000.0,35994000000.0,12571000000.0,8756000000.0,7400000000.0,,,1602000000.0
PEP,2011,2012-02-27,5946000000.0,21273000000.0,6796000000.0,39848000000.0,17569000000.0,15892000000.0,19999000000.0,,,1577000000.0
PEP,2012,2013-02-21,6320000000.0,20704000000.0,8448000000.0,68153000000.0,17441000000.0,18154000000.0,20568000000.0,,,1614000000.0
PEP,2013,2014-02-14,6443000000.0,22417000000.0,8944000000.0,72882000000.0,18720000000.0,17089000000.0,23544000000.0,,,1597000000.0
PEP,2014,2015-02-12,6178000000.0,24409000000.0,8479000000.0,77478000000.0,22203000000.0,17839000000.0,24333000000.0,,34201000000.0,1575000000.0
PEP,2015,2016-02-11,6740000000.0,17578000000.0,9688000000.0,70509000000.0,20663000000.0,18092000000.0,23821000000.0,,35172000000.0,1560000000.0
PEP,2016,2017-02-15,6513000000.0,12068000000.0,10506000000.0,69667000000.0,23031000000.0,17578000000.0,29213000000.0,,35445000000.0,1527000000.0
PEP,2017,2018-02-13,5452000000.0,11246000000.0,10864000000.0,73490000000.0,26450000000.0,21135000000.0,30053000000.0,,34325000000.0,1485000000.0
PEP,2018,2019-02-15,6329000000.0,11045000000.0,10663000000.0,79804000000.0,31027000000.0,20502000000.0,33796000000.0,62799000000.0,34577000000.0,1452000000.0
PEP,2019,2020-02-13,4857000000.0,14518000000.0,10030000000.0,77648000000.0,21893000000.0,22138000000.0,28295000000.0,63525000000.0,34729000000.0,1438000000.0
PEP,2020,2021-02-11,12515000000.0,14786000000.0,9415000000.0,78547000000.0,17645000000.0,20461000000.0,29148000000.0,64661000000.0,35280000000.0,1425000000.0
PEP,2021,2022-02-10,7314000000.0,13454000000.0,9649000000.0,92918000000.0,23001000000.0,23372000000.0,40370000000.0,67161000000.0,37029000000.0,1407000000.0
PEP,2022,2023-02-09,7120000000.0,16043000000.0,10613000000.0,92377000000.0,21783000000.0,26220000000.0,36026000000.0,70372000000.0,38575000000.0,1392000000.0
PEP,2023,2024-02-09,7618000000.0,17149000000.0,11616000000.0,92187000000.0,21539000000.0,26785000000.0,35657000000.0,79474000000.0,42399000000.0,1389000000.0
PEP,2024,2025-02-04,8910000000.0,18503000000.0,10811000000.0,100495000000.0,26950000000.0,31647000000.0,37595000000.0,86392000000.0,45816000000.0,1387000000.0
PEP,2025,2026-02-03,9074000000.0,18041000000.0,13442000000.0,99467000000.0,25826000000.0,31536000000.0,37224000000.0,91471000000.0,49590000000.0,1383000000.0
PG,2010,2010-08-13,12075000000.0,67012000000.0,15008000000.0,143992000000.0,21905000000.0,30901000000.0,20652000000.0,,,3316800000.0
PG,2011,2011-08-10,13436000000.0,69784000000.0,14919000000.0,134833000000.0,18782000000.0,24282000000.0,21360000000.0,,,3154100000.0
PG,2012,2012-08-08,12736000000.0,63382000000.0,16131000000.0,128172000000.0,21970000000.0,27293000000.0,22033000000.0,,,3099300000.0
PG,2013,2013-08-08,11797000000.0,61439000000.0,13330000000.0,138354000000.0,21910000000.0,24907000000.0,21080000000.0,,,3001900000.0
PG,2014,2014-08-08,10756000000.0,68001000000.0,13284000000.0,132244000000.0,23990000000.0,30037000000.0,19111000000.0,28400000000.0,,2941200000.0
PG,2015,2015-08-07,11312000000.0,64035000000.0,14873000000.0,139263000000.0,31617000000.0,33726000000.0,19811000000.0,,,2930600000.0
PG,2016,2016-08-09,11643000000.0,68709000000.0,13958000000.0,144266000000.0,29646000000.0,29790000000.0,18327000000.0,,,2904700000.0
PG,2017,2017-08-07,7036000000.0,69976000000.0,14608000000.0,129495000000.0,33782000000.0,30770000000.0,18945000000.0,,,2883600000.0
PG,2018,2018-08-07,10508000000.0,63050000000.0,15435000000.0,127136000000.0,26494000000.0,30210000000.0,18038000000.0,,,2844400000.0
PG,2019,2019-08-06,15326000000.0,57983000000.0,12753000000.0,120406000000.0,23320000000.0,28237000000.0,20863000000.0,65058000000.0,,2740400000.0
PG,2020,2020-08-06,9750000000.0,55778000000.0,14867000000.0,118310000000.0,22473000000.0,30011000000.0,20395000000.0,66832000000.0,,2656700000.0
PG,2021,2021-08-06,3897000000.0,52883000000.0,15242000000.0,115095000000.0,27987000000.0,32976000000.0,23537000000.0,67684000000.0,,2539500000.0
PG,2022,2022-08-05,13027000000.0,47579000000.0,17403000000.0,120700000000.0,23091000000.0,33132000000.0,23099000000.0,70950000000.0,,2625800000.0
PG,2023,2023-08-04,14306000000.0,46878000000.0,18371000000.0,119307000000.0,21653000000.0,33081000000.0,22848000000.0,76118000000.0,,2601000000.0
PG,2024,2024-08-05,14742000000.0,46654000000.0,16723000000.0,117208000000.0,22648000000.0,35756000000.0,24378000000.0,80187000000.0,,2539100000.0
PG,2025,2025-08-04,14653000000.0,46854000000.0,16848000000.0,122370000000.0,24709000000.0,33627000000.0,25269000000.0,82006000000.0,,2483900000.0
PG,2026,2026-08-04,14879000000.0,47065000000.0,19846000000.0,125231000000.0,25392000000.0,36058000000.0,24995000000.0,84039000000.0,,2471900000.0
PINS,2021,2022-02-03,-1361371000.0,-594563000.0,657000.0,2609459000.0,2357541000.0,204831000.0,,1142761000.0,,420473000.0
PINS,2022,2023-02-06,-128323000.0,2023705000.0,28826000.0,3537238000.0,3181563000.0,259806000.0,,1692658000.0,,596264000.0
PINS,2023,2024-02-08,316438000.0,2242371000.0,752907000.0,3862730000.0,3454677000.0,380531000.0,,2578027000.0,,691651000.0
PINS,2024,2025-02-06,-96047000.0,3038743000.0,469202000.0,3594405000.0,3338559000.0,317090000.0,,2802574000.0,,665732000.0
PINS,2025,2026-02-12,-35610000.0,3281654000.0,612961000.0,5342660000.0,3484707000.0,398133000.0,,3055071000.0,,674641000.0
PKE,2011,2012-05-10,25359000.0,325308000.0,23600000.0,353808000.0,296959000.0,25253000.0,,,51602000.0,20547000.0
PKE,2012,2013-05-16,32621000.0,343211000.0,42668000.0,365988000.0,311590000.0,21441000.0,52000000.0,,69901000.0,20675000.0
PKE,2013,2014-05-16,23442000.0,299922000.0,31434000.0,369658000.0,320674000.0,16678000.0,52000000.0,,54742000.0,20792000.0
PKE,2015,2015-05-15,16961000.0,200543000.0,19334000.0,377093000.0,311240000.0,24243000.0,94000000.0,,50550000.0,20823000.0
PKE,2016,2016-05-13,-42329000.0,181599000.0,30382000.0,350682000.0,313259000.0,29724000.0,84000000.0,,48100000.0,20849000.0
PKE,2017,2017-05-12,20043000.0,180867000.0,,314777000.0,272185000.0,16678000.0,72000000.0,,48953000.0,20986000.0
PKE,2018,2018-05-11,18029000.0,182826000.0,13948000.0,308578000.0,269130000.0,14123000.0,68500000.0,145855000.0,42752000.0,20352000.0
PKE,2019,2019-05-20,9283000.0,135261000.0,13167000.0,170146000.0,141268000.0,12227000.0,,,8299000.0,20239000.0
PKE,2020,2020-05-14,20595000.0,159011000.0,3341000.0,188851000.0,167933000.0,11155000.0,,,11288000.0,20267000.0
PKE,2021,2021-05-14,113545000.0,141675000.0,7543000.0,171786000.0,145194000.0,8707000.0,,,16184000.0,20385000.0
PKE,2022,2022-05-12,9552000.0,135941000.0,5218000.0,163512000.0,132341000.0,7993000.0,,,18673000.0,20595000.0
PKE,2023,2023-05-12,4864000.0,135632000.0,13012000.0,160887000.0,126439000.0,6292000.0,,,13191000.0,20478.0
PKE,2024,2024-06-11,8464000.0,115934000.0,8201000.0,159333000.0,125041000.0,28586000.0,,,17917000.0,20551000.0
PKE,2025,2025-05-30,10731000.0,112914000.0,6491000.0,132309000.0,98845000.0,9658000.0,,,16473000.0,20509000.0
PKE,2026,2026-05-29,7473000.0,107154000.0,4408000.0,122108000.0,90294000.0,9261000.0,,,16534000.0,20393000.0
PLTR,2020,2021-02-26,-580027000.0,-1501562000.0,-39012000.0,1594025000.0,1214153000.0,728598000.0,396065000.0,595409000.0,430008000.0,544014393.0
PLTR,2021,2022-02-24,-579646000.0,-1751428000.0,-165215000.0,2690504000.0,2257429000.0,603823000.0,197977000.0,742555000.0,500182000.0,576959000.0
PLTR,2022,2023-02-21,-1166391000.0,-1980642000.0,-296608000.0,3247450000.0,2863250000.0,660061000.0,,1092673000.0,740126000.0,979330000.0
PLTR,2023,2024-02-20,-520379000.0,2565326000.0,333851000.0,3461239000.0,3041577000.0,587941000.0,,1541889000.0,1202485000.0,1923617000.0
PLTR,2024,2025-02-18,-373705000.0,3475561000.0,223737000.0,4522425000.0,4138618000.0,746018000.0,,1905871000.0,1497322000.0,2063793000.0
PLTR,2025,2026-02-17,209825000.0,5003275000.0,712183000.0,6340884000.0,5934289000.0,996018000.0,,2225012000.0,1793907000.0,2297927000.0
QBTS,2022,2023-04-18,-10019000.0,-103868000.0,-29287000.0,32610000.0,19158000.0,10295000.0,12233000.0,5160000.0,4245000.0,127161731.0
QBTS,2023,2024-03-29,-53702000.0,-18356000.0,-45226000.0,26947000.0,13925000.0,16040000.0,31168000.0,7173000.0,4250000.0,119647777.0
QBTS,2024,2025-03-14,-82715000.0,-29463000.0,-60649000.0,59356000.0,47046000.0,11250000.0,63850000.0,8758000.0,4622000.0,137993736.0
QBTS,2025,2026-02-26,-143879000.0,-24481000.0,-42643000.0,199853000.0,185040000.0,30145000.0,30128000.0,8827000.0,5563000.0,192129049.0
QCOM,2009,2009-11-05,3303000000.0,13406000000.0,3811000000.0,24712000000.0,11872000000.0,2440000000.0,,8871000000.0,,1693000000.0
QCOM,2010,2010-11-03,3160000000.0,15835000000.0,3558000000.0,24712000000.0,12570000000.0,2813000000.0,,11142000000.0,,1660000000.0
QCOM,2011,2011-11-02,1592000000.0,20858000000.0,7172000000.0,27445000000.0,12133000000.0,5468000000.0,,10387000000.0,,1673000000.0
QCOM,2012,2012-11-07,3247000000.0,26951000000.0,4076000000.0,30572000000.0,14293000000.0,5289000000.0,,10982000000.0,,1658000000.0
QCOM,2013,2013-11-06,4260000000.0,33523000000.0,4900000000.0,36422000000.0,15645000000.0,5302000000.0,,14957000000.0,,1691000000.0
QCOM,2014,2014-11-05,6109000000.0,36088000000.0,5998000000.0,43012000000.0,19555000000.0,5213000000.0,,19121000000.0,,1741000000.0
QCOM,2015,2015-11-04,6853000000.0,39169000000.0,8778000000.0,45516000000.0,22413000000.0,6013000000.0,,24866000000.0,,1754000000.0
QCOM,2016,2016-11-02,7967000000.0,31421000000.0,8887000000.0,48574000000.0,22099000000.0,6100000000.0,,26487000000.0,,1714000000.0
QCOM,2017,2017-11-01,5271000000.0,31778000000.0,5506000000.0,50796000000.0,22981000000.0,7311000000.0,,25281000000.0,,1639000000.0
QCOM,2018,2018-11-07,5705000000.0,,7632000000.0,52359000000.0,43593000000.0,10907000000.0,,23554000000.0,,1498000000.0
QCOM,2019,2019-11-06,2445000000.0,30725000000.0,5001000000.0,65498000000.0,17384000000.0,11389000000.0,15365000000.0,22258000000.0,,1490000000.0
QCOM,2020,2020-11-04,-4964000000.0,,3908000000.0,32718000000.0,16765000000.0,8935000000.0,13437000000.0,22611000000.0,,1463000000.0
QCOM,2021,2021-11-03,4386000000.0,,7286000000.0,35594000000.0,18519000000.0,8672000000.0,15226000000.0,24273000000.0,,1220000000.0
QCOM,2022,2022-11-02,5198000000.0,,5814000000.0,41240000000.0,20075000000.0,11951000000.0,13701000000.0,23531000000.0,,1149000000.0
QCOM,2023,2023-11-01,9043000000.0,,10536000000.0,49014000000.0,20724000000.0,11866000000.0,13537000000.0,33566000000.0,,1149000000.0
QCOM,2024,2024-11-06,12936000000.0,,9096000000.0,51040000000.0,22464000000.0,9628000000.0,14484000000.0,44200000000.0,,1137000000.0
QCOM,2025,2025-11-05,7232000000.0,,11299000000.0,55154000000.0,25231000000.0,10504000000.0,13270000000.0,35820000000.0,,1126000000.0
RBLX,2021,2022-02-25,-70968000.0,-252388000.0,99185000.0,1847800000.0,1424131000.0,1228546000.0,0.0,508393000.0,,163051000.0
RBLX,2022,2023-02-28,-253254000.0,584817000.0,524340000.0,4560596000.0,3749765000.0,2167092000.0,987723000.0,923885000.0,,182108000.0
RBLX,2023,2024-02-21,-491651000.0,306026000.0,659109000.0,5375487000.0,3838604000.0,2480835000.0,988984000.0,,,505858000.0
RBLX,2024,2025-02-18,-924366000.0,76290000.0,369296000.0,6168078000.0,3275413000.0,3052366000.0,1005000000.0,,,595559000.0
RBLX,2025,2026-02-11,-1151946000.0,221446000.0,458180000.0,7175003000.0,3728030000.0,3663208000.0,1006371000.0,,,616445000.0
RDDT,2024,2025-02-13,-158550000.0,-286013000.0,-94021000.0,1596467000.0,1479687000.0,133570000.0,,666701000.0,,57251112.0
RDDT,2025,2026-02-06,-90824000.0,-379064000.0,-75114000.0,2336595000.0,2223401000.0,176024000.0,,804029000.0,,59138086.0
RGTI,2022,2023-03-27,-38241000.0,-35425000.0,-29044000.0,46428000.0,18072000.0,7567000.0,,8196000.0,6573000.0,23337127.0
RGTI,2023,2024-03-14,-71521000.0,-71528000.0,-62689000.0,203442000.0,154467000.0,21752000.0,20635000.0,,10229000.0,102301000.0
RGTI,2024,2025-03-07,-75107000.0,150224000.0,-50579000.0,159913000.0,107667000.0,29052000.0,9894000.0,,9208000.0,131977000.0
RGTI,2025,2026-03-04,-200988000.0,109588000.0,-50627000.0,284787000.0,206758000.0,11867000.0,,,5697000.0,184666000.0
RKLB,2022,2023-03-07,-55005000.0,-118529000.0,-27757000.0,980847000.0,774764000.0,96307000.0,97297000.0,35160000.0,-11817000.0,75414888.0
RKLB,2023,2024-02-28,-117320000.0,-166708000.0,-71791000.0,989123000.0,662294000.0,162940000.0,100043000.0,62237000.0,-1893000.0,209895135.0
RKLB,2024,2025-02-27,-135944000.0,698448000.0,-106538000.0,941211000.0,476722000.0,223373000.0,87587000.0,210996000.0,18990000.0,466214095.0
RKLB,2025,2026-02-26,-182571000.0,673206000.0,-98867000.0,1184342000.0,692621000.0,339525000.0,44049000.0,244592000.0,51409000.0,481768060.0
RTX,2009,2010-02-11,4224000000.0,15763000000.0,5330000000.0,56837000000.0,24467000000.0,19802000000.0,,55716000000.0,,989000000.0
RTX,2010,2011-02-10,4689000000.0,20066000000.0,6161000000.0,56837000000.0,23194000000.0,17913000000.0,9490000000.0,,,956400000.0
RTX,2011,2012-02-09,3829000000.0,21385000000.0,5353000000.0,55762000000.0,23510000000.0,17732000000.0,10173000000.0,,,928800000.0
RTX,2012,2013-02-07,4373000000.0,21880000000.0,5720000000.0,58493000000.0,25758000000.0,18616000000.0,,,,922700000.0
RTX,2013,2014-02-06,4979000000.0,25914000000.0,6460000000.0,61452000000.0,29610000000.0,23786000000.0,22718000000.0,,,906800000.0
RTX,2014,2015-02-05,5130000000.0,31866000000.0,6605000000.0,89409000000.0,29442000000.0,22800000000.0,19853000000.0,,,906600000.0
RTX,2015,2016-02-11,5721000000.0,31213000000.0,,91206000000.0,31483000000.0,23475000000.0,19575000000.0,,,915100000.0
RTX,2016,2017-02-09,6220000000.0,27358000000.0,,87484000000.0,26706000000.0,22618000000.0,19499000000.0,,,911600000.0
RTX,2017,2018-02-09,7608000000.0,27579000000.0,,87484000000.0,28550000000.0,21906000000.0,23300000000.0,,,883200000.0
RTX,2018,2019-02-07,5055000000.0,29610000000.0,,89706000000.0,32858000000.0,24391000000.0,27093000000.0,57244000000.0,,826100000.0
RTX,2019,2020-02-06,4552000000.0,38446000000.0,,96920000000.0,35503000000.0,31368000000.0,44068000000.0,59837000000.0,,799100000.0
RTX,2020,2021-02-08,5269000000.0,41774000000.0,,139615000000.0,61577000000.0,46594000000.0,40959000000.0,34701000000.0,,810100000.0
RTX,2021,2022-02-11,5537000000.0,72163000000.0,,162153000000.0,43376000000.0,35848000000.0,31576000000.0,45349000000.0,,863900000.0
RTX,2022,2023-02-07,-3519000000.0,73068000000.0,,161404000000.0,42050000000.0,35449000000.0,31351000000.0,56587000000.0,,1357800000.0
RTX,2023,2024-02-05,3864000000.0,72632000000.0,,158864000000.0,42443000000.0,39114000000.0,31289000000.0,64388000000.0,,1508500000.0
RTX,2024,2025-02-03,5197000000.0,59798000000.0,7168000000.0,161869000000.0,48417000000.0,46761000000.0,43638000000.0,67074000000.0,,1485900000.0
RTX,2025,2026-02-06,3195000000.0,60156000000.0,7883000000.0,162861000000.0,51133000000.0,51499000000.0,,,,1435400000.0
SCHW,2009,2010-02-25,2407000000.0,5008000000.0,1746000000.0,51675000000.0,,,883000000.0,4994000000.0,,1222000000.0
SCHW,2010,2011-02-25,1212000000.0,3732000000.0,2000000.0,75431000000.0,,,1512000000.0,5150000000.0,,1157000000.0
SCHW,2011,2012-02-24,787000000.0,4061000000.0,1437000000.0,92568000000.0,,,2006000000.0,4193000000.0,,1160000000.0
SCHW,2012,2013-02-22,454000000.0,5073000000.0,-9000000.0,108553000000.0,,,2001000000.0,4248000000.0,,1194000000.0
SCHW,2013,2014-02-24,864000000.0,6226000000.0,,133637000000.0,,,,4691000000.0,,1229000000.0
SCHW,2014,2015-02-23,928000000.0,7714000000.0,,143642000000.0,,,,4883000000.0,,1275000000.0
SCHW,2015,2016-02-24,1071000000.0,9589000000.0,,154642000000.0,,,,5435000000.0,,1293000000.0
SCHW,2016,2017-02-23,1321000000.0,10381000000.0,,183705000000.0,,,,6058000000.0,,1315000000.0
SCHW,2017,2018-02-22,1447000000.0,11803000000.0,,223383000000.0,,,,6380000000.0,,1327000000.0
SCHW,2018,2019-02-22,1889000000.0,13402000000.0,3603000000.0,243274000000.0,,,,7478000000.0,,1334000000.0
SCHW,2019,2020-02-26,2354000000.0,16421000000.0,-839000000.0,296482000000.0,,,7430000000.0,8618000000.0,,1353000000.0
SCHW,2020,2021-02-24,3507000000.0,18525000000.0,12456000000.0,294005000000.0,,,7430000000.0,10132000000.0,,1361000000.0
SCHW,2021,2022-02-24,3704000000.0,20670000000.0,9325000000.0,294000000000.0,,,13632000000.0,10721000000.0,,1320000000.0
SCHW,2022,2023-02-24,3299000000.0,21745000000.0,6852000000.0,294000000000.0,,,,11691000000.0,,1435000000.0
SCHW,2023,2024-02-23,5855000000.0,56060000000.0,2118000000.0,551772000000.0,,,,18520000000.0,,1897000000.0
SCHW,2024,2025-02-26,7183000000.0,56261000000.0,2057000000.0,493178000000.0,,,,20762000000.0,,1894000000.0
SCHW,2025,2026-02-25,5067000000.0,36608000000.0,19587000000.0,479843000000.0,,,,18837000000.0,,1831000000.0
SHOP,2024,2025-02-11,-3460000000.0,11133000000.0,-136000000.0,11299000000.0,6275000000.0,898000000.0,,5600000000.0,2754000000.0,1266268155.0
SHOP,2025,2026-02-11,132000000.0,8239000000.0,944000000.0,13924000000.0,7254000000.0,1956000000.0,,7060000000.0,3515000000.0,1295511385.0
SMCI,2012,2012-09-13,26915000.0,178622000.0,-2174000.0,464620000.0,369622000.0,140647000.0,27596000.0,,114992000.0,40735000.0
SMCI,2013,2013-09-11,40213000.0,338351000.0,8480000.0,589103000.0,481912000.0,220508000.0,19395000.0,,151104000.0,42396000.0
SMCI,2014,2014-09-15,29853000.0,373543000.0,16467000.0,632257000.0,523192000.0,241664000.0,6533000.0,,165417000.0,44152000.0
SMCI,2015,2015-09-10,21279000.0,469056000.0,13583000.0,796325000.0,654081000.0,310886000.0,3733000.0,,160053000.0,43907000.0
SMCI,2016,2016-08-26,54157000.0,618921000.0,6538000.0,1089809000.0,914415000.0,454107000.0,933000.0,,225545000.0,46512000.0
SMCI,2017,2019-05-17,92555000.0,696469000.0,-46125000.0,1191483000.0,954328000.0,409630000.0,40000000.0,1954353000.0,306584000.0,50094000.0
SMCI,2019,2019-12-19,66854000.0,843495000.0,-96188000.0,1769505000.0,1530878000.0,811557000.0,,,349958000.0,51679000.0
SMCI,2020,2020-08-31,46165000.0,941015000.0,84347000.0,1682594000.0,1421771000.0,605969000.0,0.0,,429994000.0,52151000.0
SMCI,2021,2021-08-27,71918000.0,1065540000.0,262554000.0,1918646000.0,1592761000.0,707635000.0,5697000.0,,495522000.0,51716000.0
SMCI,2022,2022-08-29,84308000.0,1096225000.0,-30334000.0,2241964000.0,1867259000.0,968896000.0,34700000.0,,526210000.0,52838000.0
SMCI,2023,2023-08-28,111865000.0,1425575000.0,122955000.0,3205077000.0,2806315000.0,1470024000.0,147618000.0,,534538000.0,53507000.0
SMCI,2024,2025-02-25,285163000.0,1972005000.0,-440801000.0,3674729000.0,3179426000.0,1374652000.0,,,800001000.0,536155000.0
SMCI,2025,2025-08-28,639998000.0,5417206000.0,663580000.0,9826092000.0,8931960000.0,2345721000.0,,,1283012000.0,559704000.0
SMR,2024,2025-03-03,-25914000.0,93457000.0,-148609000.0,224858000.0,154546000.0,87458000.0,,11804000.0,4487000.0,50763844.0
SMR,2025,2026-02-26,-58362000.0,618695000.0,-183254000.0,544673000.0,471137000.0,89722000.0,,22810000.0,3849000.0,73386018.0
SNDK,2025,2025-08-21,-2143000000.0,12977000000.0,-713000000.0,13506000000.0,3548000000.0,2123000000.0,0.0,6086000000.0,430000000.0,145000000.0
SNDK,2026,2026-08-17,-672000000.0,11439000000.0,-309000000.0,12985000000.0,5086000000.0,1427000000.0,1829000000.0,6663000000.0,1072000000.0,145000000.0
SNPS,2010,2010-12-17,189978000.0,1844166000.0,331088000.0,2938854000.0,1463800000.0,814593000.0,,1336951000.0,1078055000.0,147672000.0
SNPS,2011,2011-12-16,167681000.0,2100182000.0,239159000.0,3286541000.0,1247755000.0,921768000.0,,1360045000.0,1086395000.0,145857000.0
SNPS,2012,2012-12-20,237063000.0,2101300000.0,341036000.0,3368844000.0,1338055000.0,1010320000.0,105000000.0,1380661000.0,1099567000.0,151911000.0
SNPS,2013,2013-12-20,221364000.0,2501686000.0,440316000.0,4147656000.0,1140656000.0,1252639000.0,105000000.0,1535643000.0,1195193000.0,150367000.0
SNPS,2014,2014-12-15,181898000.0,2788277000.0,486068000.0,4358935000.0,1447977000.0,1222919000.0,75000000.0,1756017000.0,1363344000.0,150280000.0
SNPS,2015,2015-12-14,247800000.0,3056170000.0,,4775499000.0,1504735000.0,1386759000.0,45000000.0,1962214000.0,1508662000.0,156601000.0
SNPS,2016,2016-12-12,259124000.0,2788277000.0,,5045739000.0,1468807000.0,1578353000.0,,2057472000.0,1600587000.0,157710000.0
SNPS,2017,2017-12-14,225934000.0,3195146000.0,,5240365000.0,1716938000.0,1714946000.0,0.0,2242211000.0,1723291000.0,158065000.0
SNPS,2018,2018-12-17,266826000.0,3275620000.0,,5396414000.0,1682593000.0,1614109000.0,134063000.0,2422532000.0,1879570000.0,154721000.0
SNPS,2019,2019-12-20,136563000.0,3479152000.0,632482000.0,6145974000.0,1543797000.0,2102415000.0,125535000.0,2724880000.0,2070696000.0,154874000.0
SNPS,2020,2020-12-15,432518000.0,4083013000.0,424399000.0,6405160000.0,1738917000.0,1752453000.0,120093000.0,3121058000.0,2385160000.0,153393000.0
SNPS,2021,2021-12-13,532367000.0,4907404000.0,800513000.0,8030062000.0,2549217000.0,2139922000.0,100823000.0,3360694000.0,2607748000.0,154190000.0
SNPS,2022,2022-12-12,664347000.0,5295137000.0,991313000.0,8752260000.0,2808341000.0,2413484000.0,25094000.0,3685281000.0,2890591000.0,155706000.0
SNPS,2023,2023-12-12,757516000.0,5515725000.0,1492622000.0,9418087000.0,3012669000.0,2774499000.0,20824000.0,,3342416000.0,157340000.0
SNPS,2024,2024-12-19,984594000.0,6147308000.0,1738900000.0,10333131000.0,3430624000.0,2985451000.0,18078000.0,,3717701000.0,156485000.0
SNPS,2025,2025-12-22,1229888000.0,8990702000.0,1703274000.0,13073561000.0,6469666000.0,2650120000.0,15601000.0,,4287171000.0,155195000.0
SOFI,2021,2022-03-01,-239697000.0,-68422000.0,-54733000.0,8563499000.0,,,4798925000.0,4520000.0,,65619361.0
SOFI,2022,2023-03-01,-224053000.0,-339062000.0,-479336000.0,9176326000.0,,,3947983000.0,103331000.0,,73851108.0
SOFI,2023,2024-02-27,-483937000.0,-120115000.0,-1350217000.0,19007675000.0,,,,247718000.0,,526730261.0
SOFI,2024,2025-02-24,-320407000.0,4377329000.0,-7255858000.0,30074858000.0,,,,377096000.0,,900886000.0
SOFI,2025,2026-02-17,-300742000.0,5208102000.0,-7227139000.0,36250951000.0,,,,421454000.0,,945024000.0
SOUN,2022,2023-03-28,-79540000.0,-276353000.0,-66177000.0,49203000.0,27471000.0,87739000.0,,,,67255538.0
SOUN,2023,2024-03-01,-79540000.0,-276353000.0,-66177000.0,37986000.0,17703000.0,38571000.0,18299000.0,,,67255538.0
SOUN,2024,2025-03-11,-116713000.0,-343237000.0,-94019000.0,151122000.0,113542000.0,24223000.0,84312000.0,,,157317695.0
SOUN,2025,2026-03-02,-88937000.0,-36565000.0,-68265000.0,553953000.0,255520000.0,67742000.0,,,,229264904.0
STX,2011,2011-08-17,-3125000000.0,4667000000.0,823000000.0,8247000000.0,5418000000.0,2997000000.0,2173000000.0,,,488000000.0
STX,2012,2012-08-09,1609000000.0,1554000000.0,1932000000.0,9225000000.0,6425000000.0,3463000000.0,2952000000.0,,,514000000.0
STX,2013,2013-08-08,511000000.0,3497000000.0,1264000000.0,10106000000.0,6310000000.0,3396000000.0,,,,467000000.0
STX,2014,2014-08-08,2862000000.0,3495000000.0,3262000000.0,9243000000.0,5412000000.0,2611000000.0,,,,441000000.0
STX,2015,2015-08-12,1838000000.0,2832000000.0,3047000000.0,9492000000.0,5777000000.0,2398000000.0,,,,382000000.0
STX,2016,2016-08-05,1570000000.0,3018000000.0,2558000000.0,9845000000.0,5568000000.0,2343000000.0,,,,347000000.0
STX,2017,2017-08-04,1742000000.0,1593000000.0,2650000000.0,8213000000.0,3533000000.0,2249000000.0,,,,331000000.0
STX,2018,2018-08-03,248000000.0,3018000000.0,1680000000.0,9268000000.0,5041000000.0,2626000000.0,,11160000000.0,,302000000.0
STX,2019,2019-08-02,772000000.0,1593000000.0,1916000000.0,9410000000.0,4310000000.0,3190000000.0,4320000000.0,10771000000.0,,299000000.0
STX,2020,2020-08-07,1182000000.0,1364000000.0,2113000000.0,8885000000.0,4363000000.0,2232000000.0,4253000000.0,11184000000.0,,292000000.0
STX,2021,2021-08-06,2012000000.0,1665000000.0,1761000000.0,8930000000.0,4114000000.0,2722000000.0,4156000000.0,10390000000.0,,285000000.0
STX,2022,2022-08-05,1004000000.0,2162000000.0,1714000000.0,8675000000.0,3779000000.0,2921000000.0,4894000000.0,10509000000.0,,265000000.0
STX,2023,2023-08-04,1314000000.0,1787000000.0,1626000000.0,8944000000.0,4033000000.0,3555000000.0,5062000000.0,10681000000.0,,245000000.0
STX,2024,2024-08-02,1649000000.0,631000000.0,1657000000.0,7556000000.0,2905000000.0,2592000000.0,5388000000.0,,,224000000.0
STX,2026,2026-08-04,335000000.0,-1491000000.0,918000000.0,8023000000.0,3653000000.0,2648000000.0,4995000000.0,,,212000000.0
STX,2027,2025-08-01,-529000000.0,109000000.0,942000000.0,7739000000.0,3332000000.0,3099000000.0,5195000000.0,,,207000000.0
SYM,2022,2022-12-09,-109521000.0,7184000.0,-124307000.0,280535000.0,260420000.0,336972000.0,,92086000.0,-18930000.0,54086381.0
SYM,2023,2023-12-11,-6863000.0,7184000.0,109567000.0,631263000.0,605398000.0,522957000.0,,251913000.0,10447000.0,54086381.0
SYM,2024,2024-12-04,-6863000.0,82000.0,-148247000.0,1050710000.0,991795000.0,1025459000.0,,593312000.0,99647000.0,54086381.0
SYM,2025,2025-11-24,-23866000.0,197233000.0,230794000.0,1578552000.0,1355537000.0,1017146000.0,,1176891000.0,189739000.0,64338580.0
T,2010,2011-03-01,-2625000000.0,115256000000.0,33610000000.0,268312000000.0,25187000000.0,36951000000.0,64720000000.0,123443000000.0,,5958000000.0
T,2011,2012-02-24,12138000000.0,96364000000.0,34405000000.0,269391000000.0,20854000000.0,34854000000.0,58971000000.0,122513000000.0,,5924000000.0
T,2012,2013-02-22,19864000000.0,101989000000.0,35222000000.0,270442000000.0,22985000000.0,30892000000.0,,124280000000.0,,5938000000.0
T,2013,2014-02-21,3944000000.0,111950000000.0,34743000000.0,272315000000.0,22706000000.0,31787000000.0,,126723000000.0,,5950000000.0
T,2014,2015-02-20,7264000000.0,105797000000.0,39176000000.0,277787000000.0,23196000000.0,34995000000.0,,127434000000.0,,5821000000.0
T,2015,2016-02-18,18418000000.0,95653000000.0,34796000000.0,296834000000.0,33606000000.0,37282000000.0,,128752000000.0,,5385000000.0
T,2017,2018-02-20,13345000000.0,90270000000.0,35880000000.0,403821000000.0,38369000000.0,50576000000.0,,146801000000.0,,5646000000.0
T,2018,2019-02-20,12976000000.0,123640000000.0,38442000000.0,444097000000.0,79146000000.0,81389000000.0,,163786000000.0,,6189000000.0
T,2019,2020-02-20,29450000000.0,124110000000.0,38010000000.0,531864000000.0,51427000000.0,64420000000.0,,160546000000.0,,6183000000.0
T,2020,2021-02-25,19370000000.0,142007000000.0,43602000000.0,551669000000.0,54761000000.0,68911000000.0,,170756000000.0,,6806000000.0
T,2021,2022-02-16,13903000000.0,193884000000.0,48668000000.0,525761000000.0,52008000000.0,63438000000.0,,181193000000.0,,7348000000.0
T,2022,2023-02-13,-5176000000.0,201934000000.0,,551622000000.0,170768000000.0,106230000000.0,,143050000000.0,,7466000000.0
T,2023,2024-02-23,20081000000.0,179240000000.0,,402853000000.0,33108000000.0,56173000000.0,,134038000000.0,,7503000000.0
T,2024,2025-02-12,-8524000000.0,183855000000.0,,407060000000.0,36458000000.0,51127000000.0,,120741000000.0,,7587000000.0
T,2025,2026-02-09,14400000000.0,106457000000.0,38314000000.0,394795000000.0,31168000000.0,46872000000.0,,122428000000.0,,7258000000.0
TDG,2022,2022-11-10,699000000.0,-2916000000.0,1213000000.0,19315000000.0,7030000000.0,1663000000.0,,5103000000.0,2647000000.0,57300000.0
TDG,2023,2023-11-09,680000000.0,-3773000000.0,913000000.0,18107000000.0,5649000000.0,1426000000.0,,4798000000.0,2513000000.0,58400000.0
TDG,2024,2024-11-07,866000000.0,-1984000000.0,948000000.0,19970000000.0,6738000000.0,1579000000.0,,5429000000.0,3099000000.0,58200000.0
TDG,2025,2025-11-12,1298000000.0,-6290000000.0,1375000000.0,19970000000.0,10029000000.0,6339000000.0,,6585000000.0,3842000000.0,57200000.0
TER,2010,2011-03-01,-394227000.0,1229174000.0,163935000.0,1235337000.0,762292000.0,283357000.0,141100000.0,1107042000.0,498192000.0,170593000.0
TER,2011,2012-02-29,-133837000.0,709719000.0,121865000.0,1810355000.0,1176618000.0,363704000.0,150182000.0,777425000.0,299446000.0,173604000.0
TER,2012,2013-03-01,384820000.0,664579000.0,566286000.0,2188639000.0,1099887000.0,373684000.0,159956000.0,1566162000.0,857583000.0,226807000.0
TER,2013,2014-02-28,369873000.0,1122188000.0,274855000.0,2188639000.0,1236061000.0,297828000.0,171059000.0,1429061000.0,711823000.0,226820000.0
TER,2014,2015-02-27,217049000.0,1505060000.0,,2429345000.0,1440277000.0,475632000.0,,1656750000.0,886037000.0,230246000.0
TER,2015,2016-02-29,164947000.0,1778355000.0,,2629824000.0,1243846000.0,291551000.0,,1427933000.0,808801000.0,235599000.0
TER,2016,2017-03-01,81272000.0,1985094000.0,,2538520000.0,1259968000.0,372857000.0,,1647824000.0,878808000.0,222550000.0
TER,2017,2018-03-01,206477000.0,2078980000.0,,2548674000.0,1623803000.0,372696000.0,,1639578000.0,915643000.0,213321000.0
TER,2018,2019-03-01,-43421000.0,1965786000.0,455197000.0,2762493000.0,2270281000.0,454336000.0,,1753250000.0,958608000.0,202578000.0
TER,2019,2020-03-02,257692000.0,1828659000.0,626495000.0,3109545000.0,1732482000.0,476287000.0,,2136606000.0,1221453000.0,201641000.0
TER,2020,2021-02-22,451779000.0,1953646000.0,476881000.0,2706606000.0,1658884000.0,539029000.0,,2100802000.0,1220394000.0,192605000.0
TER,2021,2022-02-23,467468000.0,1522354000.0,578750000.0,2787014000.0,2415434000.0,700871000.0,,2294965000.0,1339829000.0,179459000.0
TER,2022,2023-02-22,784147000.0,1480158000.0,868935000.0,3652346000.0,2576227000.0,805120000.0,,3121469000.0,1785741000.0,183042000.0
TER,2023,2024-02-22,1014589000.0,2207018000.0,1098366000.0,3809425000.0,2257915000.0,746263000.0,,3702881000.0,2206656000.0,183625000.0
TER,2024,2025-02-20,715501000.0,2562444000.0,577923000.0,3501252000.0,2162035000.0,659951000.0,,3155045000.0,1867151000.0,169734000.0
TER,2025,2026-02-19,448752000.0,2451294000.0,585231000.0,3486824000.0,1816397000.0,624579000.0,,2676298000.0,1536748000.0,164304000.0
TSLA,2017,2018-02-23,-888663000.0,4752911000.0,,22664076000.0,6259796000.0,5827005000.0,,4046025000.0,923503000.0,128202000.0
TSLA,2018,2019-02-19,-674914000.0,4237242000.0,-123829000.0,28655372000.0,6570520000.0,7674670000.0,,7000132000.0,1599257000.0,144212000.0
TSLA,2019,2020-02-13,-1962000000.0,4923000000.0,-61000000.0,29740000000.0,8307000000.0,9993000000.0,,11759000000.0,2223000000.0,166000000.0
TSLA,2020,2021-02-08,-976000000.0,6618000000.0,2098000000.0,34309000000.0,12103000000.0,10667000000.0,,21461000000.0,4042000000.0,853000000.0
TSLA,2021,2022-02-07,-862000000.0,22225000000.0,2405000000.0,52148000000.0,26717000000.0,14248000000.0,,24578000000.0,4069000000.0,887000000.0
TSLA,2022,2023-01-31,721000000.0,30189000000.0,5943000000.0,62131000000.0,27100000000.0,19705000000.0,,31536000000.0,6630000000.0,3249000000.0
TSLA,2023,2024-01-29,5519000000.0,44704000000.0,11497000000.0,82338000000.0,40917000000.0,26709000000.0,,53823000000.0,13606000000.0,3386000000.0
TSLA,2024,2025-01-30,12556000000.0,62634000000.0,14724000000.0,106618000000.0,49616000000.0,28748000000.0,,81462000000.0,20853000000.0,3475000000.0
TSLA,2025,2026-01-29,14997000000.0,72913000000.0,13256000000.0,122070000000.0,58360000000.0,28821000000.0,,96773000000.0,17660000000.0,3485000000.0
TXN,2009,2010-02-23,2657000000.0,9326000000.0,,11923000000.0,5790000000.0,1532000000.0,,,7369000000.0,1444000000.0
TXN,2010,2011-02-25,1920000000.0,9722000000.0,,12119000000.0,6114000000.0,1587000000.0,,,6245000000.0,1321000000.0
TXN,2011,2012-02-24,1470000000.0,10437000000.0,,13401000000.0,7060000000.0,1981000000.0,,,4999000000.0,1269000000.0
TXN,2012,2013-02-22,3228000000.0,10952000000.0,,20497000000.0,7828000000.0,3499000000.0,,,7492000000.0,1213000000.0
TXN,2013,2014-02-24,2236000000.0,10961000000.0,,20021000000.0,8230000000.0,3430000000.0,4186000000.0,,6772000000.0,1171000000.0
TXN,2014,2015-02-24,1759000000.0,10807000000.0,,18938000000.0,8019000000.0,2747000000.0,4158000000.0,,6368000000.0,1146000000.0
TXN,2015,2016-02-24,2162000000.0,10390000000.0,,17372000000.0,7421000000.0,2658000000.0,3630000000.0,,6364000000.0,1113000000.0
TXN,2016,2017-02-23,2821000000.0,9946000000.0,,16230000000.0,7074000000.0,2555000000.0,3120000000.0,,7427000000.0,1080000000.0
TXN,2017,2018-02-22,2986000000.0,10473000000.0,,16431000000.0,7457000000.0,2264000000.0,2978000000.0,,7575000000.0,1043000000.0
TXN,2018,2019-02-22,3595000000.0,10337000000.0,4614000000.0,17642000000.0,8734000000.0,2258000000.0,3577000000.0,13370000000.0,8257000000.0,1021000000.0
TXN,2019,2020-02-20,3682000000.0,8994000000.0,5363000000.0,17137000000.0,8097000000.0,2474000000.0,4319000000.0,14961000000.0,9614000000.0,1012000000.0
TXN,2020,2021-02-05,5580000000.0,8907000000.0,7189000000.0,18018000000.0,8761000000.0,2123000000.0,5303000000.0,15784000000.0,10277000000.0,990000000.0
TXN,2021,2022-02-04,5017000000.0,9187000000.0,6649000000.0,19351000000.0,10239000000.0,2390000000.0,6248000000.0,14383000000.0,9164000000.0,952000000.0
TXN,2022,2023-02-03,5595000000.0,13333000000.0,6139000000.0,24676000000.0,13685000000.0,2569000000.0,7241000000.0,14461000000.0,9269000000.0,933000000.0
TXN,2023,2024-02-02,7769000000.0,14577000000.0,8756000000.0,27207000000.0,14021000000.0,2985000000.0,8235000000.0,18344000000.0,12376000000.0,936000000.0
TXN,2024,2025-02-14,8749000000.0,16897000000.0,8720000000.0,32348000000.0,15122000000.0,3320000000.0,10624000000.0,20028000000.0,13771000000.0,926000000.0
TXN,2025,2026-02-06,6510000000.0,16903000000.0,6420000000.0,35509000000.0,15026000000.0,3643000000.0,12846000000.0,17519000000.0,11019000000.0,916000000.0
TXT,2011,2012-02-23,-31000000.0,2366000000.0,1015000000.0,15282000000.0,,,,10500000000.0,,262923000.0
TXT,2012,2013-02-15,86000000.0,2826000000.0,984000000.0,13615000000.0,,,,10525000000.0,,302555000.0
TXT,2013,2014-02-14,242000000.0,2972000000.0,1063000000.0,13033000000.0,,,,11275000000.0,,307255000.0
TXT,2014,2015-02-25,589000000.0,2745000000.0,927000000.0,12944000000.0,,,,12237000000.0,,294663000.0
TXT,2015,2016-02-24,498000000.0,2991000000.0,810000000.0,14605000000.0,,,,12104000000.0,,284428000.0
TXT,2016,2017-02-22,600000000.0,4384000000.0,1208000000.0,14708000000.0,,,,13878000000.0,,281790000.0
TXT,2017,2018-02-15,697000000.0,4272000000.0,1090000000.0,15358000000.0,,,,13423000000.0,,278727000.0
TXT,2018,2019-02-14,962000000.0,4964000000.0,925000000.0,15340000000.0,,,,13788000000.0,,272365000.0
TXT,2019,2020-02-25,307000000.0,5574000000.0,936000000.0,14264000000.0,,,,14198000000.0,,268750000.0
TXT,2020,2021-02-19,1222000000.0,5647000000.0,1107000000.0,15018000000.0,,,,13972000000.0,,253237000.0
TXT,2021,2022-02-17,815000000.0,5192000000.0,1014000000.0,15443000000.0,,,,13630000000.0,,232709000.0
TXT,2022,2023-02-16,309000000.0,5518000000.0,768000000.0,15827000000.0,,,,11651000000.0,,228979000.0
TXT,2023,2024-02-12,746000000.0,5845000000.0,1598000000.0,16293000000.0,,,,12382000000.0,,226520000.0
TXT,2024,2025-02-06,861000000.0,6815000000.0,1488000000.0,16856000000.0,,,,12869000000.0,,214973000.0
TXT,2025,2026-02-11,921000000.0,7113000000.0,1266000000.0,16838000000.0,,,,13683000000.0,,201774000.0
U,2021,2022-02-22,-163190000.0,316127000.0,-67936000.0,2671225000.0,2080660000.0,503222000.0,,541779000.0,423182000.0,114442000.0
U,2022,2023-02-27,-282308000.0,2394391000.0,19913000.0,4841346000.0,2151110000.0,626150000.0,,772445000.0,600098000.0,169973000.0
U,2023,2024-02-29,-532607000.0,3528268000.0,-111449000.0,7833985000.0,2364640000.0,1010284000.0,,1110526000.0,856896000.0,282195000.0
U,2024,2025-02-21,-921062000.0,3182642000.0,-59431000.0,7243441000.0,2324891000.0,894103000.0,,1391024000.0,948524000.0,310504000.0
U,2025,2026-02-11,-822011000.0,3190671000.0,234700000.0,6737407000.0,2225351000.0,889487000.0,,2187317000.0,1453595000.0,380457000.0
UNH,2009,2010-02-10,4654000000.0,20810000000.0,5877000000.0,55815000000.0,14990000000.0,19761000000.0,11338000000.0,75431000000.0,,1361000000.0
UNH,2010,2011-02-10,2977000000.0,20063000000.0,4238000000.0,59045000000.0,18200000000.0,22163000000.0,9009000000.0,81186000000.0,,1241000000.0
UNH,2011,2012-02-09,3822000000.0,20780000000.0,5625000000.0,59045000000.0,18393000000.0,23700000000.0,8662000000.0,87138000000.0,,1179000000.0
UNH,2012,2013-02-07,4634000000.0,23606000000.0,6273000000.0,63063000000.0,20350000000.0,23922000000.0,10656000000.0,94155000000.0,,1131000000.0
UNH,2013,2014-02-12,5142000000.0,31178000000.0,6968000000.0,67889000000.0,21052000000.0,27116000000.0,14041000000.0,101862000000.0,,1087000000.0
UNH,2014,2015-02-10,5526000000.0,28292000000.0,7155000000.0,80885000000.0,20380000000.0,27881000000.0,14891000000.0,110618000000.0,,1046000000.0
UNH,2015,2016-02-09,5625000000.0,,6991000000.0,81882000000.0,23556000000.0,30623000000.0,16007000000.0,122489000000.0,,1023000000.0
UNH,2016,2017-02-08,5619000000.0,,8051000000.0,86300000000.0,31639000000.0,42898000000.0,25331000000.0,130474000000.0,,986000000.0
UNH,2017,2018-02-13,5813000000.0,,9740000000.0,111254000000.0,33879000000.0,49252000000.0,25777000000.0,157107000000.0,,967000000.0
UNH,2018,2019-02-12,7017000000.0,,9795000000.0,122810000000.0,37084000000.0,50463000000.0,28835000000.0,184840000000.0,,968000000.0
UNH,2019,2020-02-14,10558000000.0,,13596000000.0,139058000000.0,38692000000.0,53209000000.0,34581000000.0,201159000000.0,,985000000.0
UNH,2020,2021-03-01,11986000000.0,,15713000000.0,152221000000.0,42634000000.0,61782000000.0,36808000000.0,226247000000.0,,983000000.0
UNH,2021,2022-02-15,13839000000.0,,18463000000.0,173889000000.0,53718000000.0,72420000000.0,38648000000.0,242155000000.0,,966000000.0
UNH,2022,2023-02-24,15403000000.0,,22174000000.0,197289000000.0,61758000000.0,78292000000.0,42383000000.0,257141000000.0,,961000000.0
UNH,2023,2024-02-28,17285000000.0,,22343000000.0,212206000000.0,69069000000.0,89237000000.0,54513000000.0,287597000000.0,,956000000.0
UNH,2024,2025-02-27,20120000000.0,,26206000000.0,245705000000.0,78437000000.0,99054000000.0,58263000000.0,324162000000.0,,950000000.0
UNH,2025,2026-03-02,22381000000.0,,29068000000.0,273720000000.0,85779000000.0,103769000000.0,72359000000.0,371622000000.0,,938000000.0
UNP,2009,2010-02-05,1855000000.0,15447000000.0,3277000000.0,39722000000.0,2813000000.0,2880000000.0,,16283000000.0,,536800000.0
UNP,2010,2011-02-04,2335000000.0,16801000000.0,4044000000.0,42184000000.0,3680000000.0,2682000000.0,9848000000.0,17970000000.0,,515000000.0
UNP,2011,2012-02-03,1890000000.0,17763000000.0,3204000000.0,43088000000.0,3432000000.0,2952000000.0,9242000000.0,14143000000.0,,505800000.0
UNP,2012,2013-02-08,2780000000.0,18578000000.0,4105000000.0,45096000000.0,3727000000.0,3317000000.0,8906000000.0,16965000000.0,,502900000.0
UNP,2013,2014-02-07,3292000000.0,19877000000.0,,47153000000.0,3614000000.0,3119000000.0,8997000000.0,19557000000.0,,489800000.0
UNP,2014,2015-02-06,3943000000.0,21225000000.0,,49731000000.0,3990000000.0,3791000000.0,9577000000.0,20926000000.0,,952900000.0
UNP,2015,2016-02-05,4388000000.0,21189000000.0,,52372000000.0,4401000000.0,3764000000.0,11413000000.0,21963000000.0,,931500000.0
UNP,2016,2017-02-03,5180000000.0,20702000000.0,,54600000000.0,4130000000.0,3206000000.0,14201000000.0,23988000000.0,,901100000.0
UNP,2017,2018-02-09,4772000000.0,19932000000.0,,55718000000.0,3596000000.0,3640000000.0,15007000000.0,21813000000.0,,869400000.0
UNP,2018,2019-02-08,4233000000.0,24856000000.0,,57806000000.0,4006000000.0,3939000000.0,16944000000.0,19941000000.0,,835400000.0
UNP,2019,2020-02-07,10712000000.0,20423000000.0,7230000000.0,59147000000.0,4163000000.0,4626000000.0,22391000000.0,21240000000.0,,801700000.0
UNP,2020,2021-02-05,5966000000.0,18128000000.0,8686000000.0,61673000000.0,3459000000.0,4351000000.0,25200000000.0,22832000000.0,,754300000.0
UNP,2021,2022-02-04,5919000000.0,20423000000.0,8609000000.0,62398000000.0,4214000000.0,4173000000.0,26729000000.0,,,706100000.0
UNP,2022,2023-02-10,5349000000.0,18128000000.0,8540000000.0,63525000000.0,3551000000.0,5744000000.0,29729000000.0,,,679100000.0
UNP,2023,2024-02-09,6523000000.0,16958000000.0,9032000000.0,65449000000.0,3952000000.0,5520000000.0,33326000000.0,,,655400000.0
UNP,2024,2025-02-07,6998000000.0,14161000000.0,9362000000.0,67132000000.0,4148000000.0,5106000000.0,31192000000.0,,,624000000.0
UNP,2025,2026-02-06,6379000000.0,12163000000.0,8379000000.0,67715000000.0,4021000000.0,5254000000.0,31814000000.0,,,610200000.0
VRT,2020,2021-03-01,-314000000.0,-129600000.0,-221900000.0,4657400000.0,2017400000.0,1519700000.0,3467300000.0,,,118261955.0
VRT,2021,2022-03-01,-140800000.0,-540300000.0,57500000.0,5073800000.0,2518800000.0,1741600000.0,2130500000.0,,,118261955.0
VRT,2022,2023-02-27,-327300000.0,-704800000.0,208900000.0,6939600000.0,2698600000.0,1854800000.0,2950500000.0,,,307076397.0
VRT,2023,2024-02-23,119600000.0,512100000.0,210900000.0,7095700000.0,3158700000.0,1897900000.0,3169100000.0,,,360140323.0
VRT,2024,2025-02-18,76600000.0,1417700000.0,-152800000.0,7998500000.0,4001500000.0,2305400000.0,2919100000.0,,,378224051.0
VRT,2025,2026-02-13,460200000.0,1441900000.0,900500000.0,9132500000.0,5101800000.0,3097000000.0,2907200000.0,,,386226267.0
VZ,2009,2010-02-26,5521000000.0,82869000000.0,26839000000.0,202352000000.0,26075000000.0,25906000000.0,,93469000000.0,,2902000000.0
VZ,2010,2011-02-28,-2193000000.0,78791000000.0,27452000000.0,226907000000.0,21745000000.0,29136000000.0,55051000000.0,97354000000.0,,2849000000.0
VZ,2011,2012-02-24,4894000000.0,84143000000.0,31390000000.0,220005000000.0,22348000000.0,30597000000.0,45252000000.0,107808000000.0,,2841000000.0
VZ,2012,2013-02-26,2549000000.0,86912000000.0,33363000000.0,230461000000.0,30939000000.0,30761000000.0,50303000000.0,106565000000.0,,2833000000.0
VZ,2013,2014-02-27,2404000000.0,85908000000.0,29780000000.0,225222000000.0,21235000000.0,26956000000.0,47618000000.0,110875000000.0,,2839000000.0
VZ,2014,2015-02-23,875000000.0,85533000000.0,31486000000.0,274098000000.0,70994000000.0,27050000000.0,,115846000000.0,,2862000000.0
VZ,2015,2016-02-23,11497000000.0,95416000000.0,38818000000.0,232616000000.0,29499000000.0,27987000000.0,,120550000000.0,,2874000000.0
VZ,2016,2017-02-21,9625000000.0,13676000000.0,30631000000.0,244175000000.0,22355000000.0,35052000000.0,,127079000000.0,,3981000000.0
VZ,2017,2018-02-23,17879000000.0,17842000000.0,39027000000.0,244180000000.0,26395000000.0,30340000000.0,,131620000000.0,,4093000000.0
VZ,2018,2019-02-15,13127000000.0,24032000000.0,21689000000.0,257143000000.0,29913000000.0,33037000000.0,,125980000000.0,,4086000000.0
VZ,2019,2020-02-21,30101000000.0,44687000000.0,24318000000.0,264829000000.0,34636000000.0,37930000000.0,,126034000000.0,,4089000000.0
VZ,2020,2021-02-25,15528000000.0,54710000000.0,34339000000.0,291727000000.0,37473000000.0,44868000000.0,,130863000000.0,,4132000000.0
VZ,2021,2022-02-11,19265000000.0,62835000000.0,35746000000.0,316481000000.0,54594000000.0,39660000000.0,,131868000000.0,,4140000000.0
VZ,2022,2023-02-10,17801000000.0,69272000000.0,41768000000.0,366596000000.0,36728000000.0,47160000000.0,,128292000000.0,,4142000000.0
VZ,2023,2024-02-09,22065000000.0,83200000000.0,39539000000.0,379680000000.0,37857000000.0,50171000000.0,,133613000000.0,,4150000000.0
VZ,2024,2025-02-12,21256000000.0,92463000000.0,37141000000.0,380255000000.0,36814000000.0,53223000000.0,,136835000000.0,,4204000000.0
VZ,2025,2026-02-17,11614000000.0,93799000000.0,37475000000.0,384711000000.0,40523000000.0,64771000000.0,,133974000000.0,,4215000000.0
WDC,2010,2010-08-13,867000000.0,1716000000.0,1399000000.0,5291000000.0,3230000000.0,1525000000.0,400000000.0,,1739000000.0,226000000.0
WDC,2011,2011-08-12,470000000.0,2696000000.0,1305000000.0,7328000000.0,4720000000.0,2023000000.0,294000000.0,,1337000000.0,226000000.0
WDC,2012,2012-08-20,1382000000.0,3192000000.0,1942000000.0,8118000000.0,5487000000.0,2170000000.0,150000000.0,,2401000000.0,233000000.0
WDC,2013,2013-08-19,726000000.0,4709000000.0,1655000000.0,14206000000.0,7141000000.0,4032000000.0,1955000000.0,,1791000000.0,235000000.0
WDC,2014,2014-08-15,1612000000.0,5488000000.0,3067000000.0,14036000000.0,7598000000.0,3973000000.0,1725000000.0,,3638000000.0,245000000.0
WDC,2015,2015-08-21,980000000.0,7669000000.0,3119000000.0,15499000000.0,8720000000.0,3845000000.0,2313000000.0,,4363000000.0,246000000.0
WDC,2016,2016-08-29,1617000000.0,7893000000.0,2816000000.0,15170000000.0,8513000000.0,3238000000.0,2149000000.0,,4360000000.0,242000000.0
WDC,2017,2017-08-29,1465000000.0,8842000000.0,2242000000.0,32862000000.0,12584000000.0,6949000000.0,13660000000.0,,4221000000.0,237000000.0
WDC,2018,2018-08-24,242000000.0,9219000000.0,1983000000.0,29860000000.0,11056000000.0,4344000000.0,12918000000.0,,3435000000.0,242000000.0
WDC,2019,2019-08-27,397000000.0,11145000000.0,3437000000.0,29235000000.0,10638000000.0,4456000000.0,10993000000.0,19093000000.0,6072000000.0,296000000.0
WDC,2020,2020-08-28,675000000.0,11418000000.0,4205000000.0,26370000000.0,8477000000.0,3817000000.0,10246000000.0,20647000000.0,7705000000.0,307000000.0
WDC,2021,2021-08-27,-754000000.0,11531000000.0,1547000000.0,25662000000.0,9048000000.0,4406000000.0,9289000000.0,16569000000.0,3752000000.0,292000000.0
WDC,2022,2022-08-25,-250000000.0,9967000000.0,824000000.0,26132000000.0,9757000000.0,4870000000.0,8474000000.0,16736000000.0,3781000000.0,298000000.0
WDC,2023,2023-08-22,821000000.0,9551000000.0,1898000000.0,26259000000.0,9453000000.0,5237000000.0,7022000000.0,16922000000.0,4521000000.0,309000000.0
WDC,2024,2024-08-20,1546000000.0,10800000000.0,1880000000.0,24546000000.0,7886000000.0,5434000000.0,5857000000.0,18793000000.0,5874000000.0,316000000.0
WDC,2025,2025-08-14,-1684000000.0,12323000000.0,-408000000.0,24188000000.0,8060000000.0,6087000000.0,5684000000.0,6255000000.0,1391000000.0,318000000.0
WDC,2026,2026-08-14,-798000000.0,10964000000.0,-294000000.0,14002000000.0,5856000000.0,5418000000.0,2485000000.0,6317000000.0,1773000000.0,326000000.0
WFC,2009,2010-02-26,8057000000.0,99084000000.0,9286000000.0,1309639000000.0,,,267158000000.0,,,3382800000.0
WFC,2010,2011-02-25,2655000000.0,111786000000.0,-4788000000.0,1243646000000.0,,,203861000000.0,,,3391300000.0
WFC,2011,2012-02-28,12275000000.0,126408000000.0,28613000000.0,1258128000000.0,,,156983000000.0,,,4562700000.0
WFC,2012,2013-02-27,12362000000.0,140241000000.0,18772000000.0,1313867000000.0,,,125354000000.0,,,5263100000.0
WFC,2013,2014-02-26,15869000000.0,157554000000.0,13665000000.0,1422968000000.0,,,127379000000.0,,,5323400000.0
WFC,2014,2015-02-25,18897000000.0,170142000000.0,,1523502000000.0,,,152998000000.0,,,5351500000.0
WFC,2015,2016-02-24,21878000000.0,184394000000.0,,1687155000000.0,,,183943000000.0,,,5371200000.0
WFC,2016,2017-03-01,23057000000.0,192998000000.0,,1787632000000.0,,,199536000000.0,,,5324400000.0
WFC,2017,2018-03-01,22894000000.0,199581000000.0,,1930115000000.0,,,255077000000.0,88389000000.0,,5209800000.0
WFC,2018,2019-02-27,21938000000.0,206936000000.0,,1951757000000.0,,,225020000000.0,88267000000.0,,5108300000.0
WFC,2019,2020-02-27,22183000000.0,196166000000.0,18619000000.0,1895883000000.0,,,229044000000.0,88389000000.0,,5017300000.0
WFC,2020,2021-02-23,22393000000.0,187146000000.0,36073000000.0,1927555000000.0,,,228191000000.0,,,4838400000.0
WFC,2021,2022-02-22,19715000000.0,184680000000.0,6730000000.0,1952911000000.0,,,212950000000.0,,,4425400000.0
WFC,2022,2023-02-21,3377000000.0,187606000000.0,2051000000.0,1948068000000.0,,,160689000000.0,,,4134200000.0
WFC,2023,2024-02-20,22109000000.0,180227000000.0,-11525000000.0,1881020000000.0,,,174870000000.0,,,4096200000.0
WFC,2024,2025-02-25,13677000000.0,185735000000.0,27048000000.0,1932468000000.0,,,207588000000.0,,,3837000000.0
WFC,2025,2026-02-24,19142000000.0,179120000000.0,40358000000.0,1929845000000.0,,,173078000000.0,,,3720400000.0
WMT,2009,2010-03-30,12731000000.0,65285000000.0,20642000000.0,163429000000.0,48949000000.0,55390000000.0,31349000000.0,377023000000.0,,4072000000.0
WMT,2010,2011-03-30,13381000000.0,70468000000.0,23147000000.0,170407000000.0,48032000000.0,55543000000.0,33231000000.0,404254000000.0,,3951000000.0
WMT,2011,2012-03-27,14370000000.0,68542000000.0,26249000000.0,180782000000.0,52012000000.0,58603000000.0,40692000000.0,408085000000.0,,3877000000.0
WMT,2012,2013-03-26,16389000000.0,71315000000.0,23643000000.0,180782000000.0,54975000000.0,62300000000.0,44070000000.0,421849000000.0,,3670000000.0
WMT,2013,2014-03-21,15699000000.0,76343000000.0,24255000000.0,193406000000.0,59940000000.0,71818000000.0,38394000000.0,446509000000.0,,3474000000.0
WMT,2015,2015-04-01,16999000000.0,76255000000.0,25591000000.0,203105000000.0,61185000000.0,69345000000.0,41771000000.0,468651000000.0,,3389000000.0
WMT,2016,2016-03-30,16022000000.0,81394000000.0,23257000000.0,204541000000.0,63278000000.0,65253000000.0,40889000000.0,476294000000.0,,3283000000.0
WMT,2017,2017-03-31,16363000000.0,80546000000.0,28564000000.0,203490000000.0,60239000000.0,64619000000.0,38214000000.0,485651000000.0,,3243000000.0
WMT,2018,2018-03-30,14694000000.0,77798000000.0,27552000000.0,199581000000.0,57689000000.0,66928000000.0,36015000000.0,482130000000.0,,3217000000.0
WMT,2019,2019-03-28,13643000000.0,77869000000.0,31673000000.0,198825000000.0,59664000000.0,78521000000.0,30045000000.0,485873000000.0,,3112000000.0
WMT,2020,2020-03-20,9862000000.0,72496000000.0,28337000000.0,204522000000.0,61897000000.0,77477000000.0,43520000000.0,500343000000.0,,3010000000.0
WMT,2021,2021-03-19,6670000000.0,74669000000.0,27753000000.0,219295000000.0,61806000000.0,77790000000.0,43714000000.0,514405000000.0,,2945000000.0
WMT,2022,2022-03-18,14881000000.0,80925000000.0,25255000000.0,236495000000.0,90067000000.0,92645000000.0,41194000000.0,523964000000.0,,2868000000.0
WMT,2023,2023-03-17,13510000000.0,83253000000.0,36074000000.0,252496000000.0,81070000000.0,87379000000.0,34864000000.0,559151000000.0,,2847000000.0
WMT,2024,2024-03-15,13673000000.0,76693000000.0,24181000000.0,244860000000.0,75655000000.0,92198000000.0,34649000000.0,572754000000.0,,8415000000.0
WMT,2025,2025-03-14,11680000000.0,83861000000.0,28841000000.0,243197000000.0,76877000000.0,92415000000.0,36132000000.0,611289000000.0,,8202000000.0
WMT,2026,2026-03-13,15511000000.0,91013000000.0,35726000000.0,252399000000.0,79458000000.0,96584000000.0,33401000000.0,648125000000.0,,8108000000.0
XYZ,2016,2017-02-27,-154093000.0,162294000.0,-112379000.0,894772000.0,705563000.0,334202000.0,0.0,,226074000.0,142042000.0
XYZ,2017,2018-02-27,-179817000.0,273672000.0,21123000.0,1211362000.0,1001425000.0,577464000.0,0.0,,370030000.0,170498000.0
XYZ,2018,2019-02-27,-171590000.0,508048000.0,23131000.0,2187270000.0,1778294000.0,972827000.0,358572000.0,1708721000.0,576038000.0,341555000.0
XYZ,2019,2020-02-26,-62813000.0,576153000.0,127711000.0,3281023000.0,2111905000.0,1018541000.0,899695000.0,2214253000.0,839306000.0,379344000.0
XYZ,2020,2021-02-23,-38453000.0,786333000.0,295080000.0,4551258000.0,3219801000.0,1694085000.0,938832000.0,3298177000.0,1303700000.0,405731000.0
XYZ,2021,2022-02-24,375446000.0,2681569000.0,327630000.0,9869550000.0,7761629000.0,4126104000.0,2586924000.0,4713500000.0,1889685000.0,466076000.0
XYZ,2022,2023-02-23,213105000.0,3272855000.0,173110000.0,15026360000.0,11621524000.0,6535700000.0,4559208000.0,9497578000.0,2733409000.0,482167000.0
XYZ,2023,2024-02-22,166284000.0,17222879000.0,847830000.0,31364340000.0,15623405000.0,8434516000.0,,17661203000.0,4419823000.0,501779000.0
XYZ,2024,2025-02-24,-540747000.0,18695256000.0,175903000.0,33031308000.0,17818697000.0,8883044000.0,,17531587000.0,5991892000.0,578949000.0
XYZ,2025,2026-02-26,9772000.0,21267932000.0,100961000.0,36777595000.0,19880201000.0,8546798000.0,,21915623000.0,7504886000.0,614024000.0
